filename,category,p_typicality,n_block,task,cond,block_total,ISI,tImageOn,Report,RT,target_resp,iso_spread,TrialCompleted,ImgDur,participant,mem_response,mem_perform
pexels-heyho-6636300_resized.jpg,nontarget,0,1,oddball,old,5,1.5,8.25220810002065,0,2.20535219999147,0,0,1,0.7,testRandom_odd2,,
img_r10cu.png,living_rooms,7,1,oddball,old,5,1.5,10.653796300001,0,2.20408260001568,0,0,1,0.7,testRandom_odd2,,
pexels-heyho-6969997_resized.jpg,nontarget,0,1,oddball,old,5,1.5,13.0150560000038,0,2.19610980001744,0,0,1,0.7,testRandom_odd2,,
img_xzyzy.png,living_rooms,9,1,oddball,old,5,1.5,15.382225600013,0,2.19953260000329,0,0,1,0.7,testRandom_odd2,,
pexels-heyho-7005451_resized.jpg,nontarget,0,1,oddball,old,5,1.5,17.7520930000173,0,2.19479569999385,0,0,1,0.7,testRandom_odd2,,
img_6wne4.png,living_rooms,1,1,oddball,old,5,1.5,20.1044168999942,0,2.1986255000229,0,0,1,0.7,testRandom_odd2,,
pexels-fajrinugroho-20489330_resized.jpg,target,0,1,oddball,old,5,1.5,22.4439790000033,1,0.704605000006268,1,0,1,0.7,testRandom_odd2,,
img_s2zoe.png,living_rooms,5,1,oddball,old,5,1.5,24.0454615000053,0,2.19535009999527,0,1,1,0.7,testRandom_odd2,,
img_hmmra.png,living_rooms,3,1,oddball,old,5,1.5,26.4024238999991,0,2.20454590002191,0,1,1,0.7,testRandom_odd2,,
pexels-heyho-6758511_resized.jpg,nontarget,0,1,oddball,old,5,1.5,28.8192398000101,0,2.19785789999878,0,0,1,0.7,testRandom_odd2,,
img_bg264.png,living_rooms,10,1,oddball,old,5,1.5,31.1808596000192,0,2.1966125999752,0,0,1,0.7,testRandom_odd2,,
pexels-eduschadesoares-5498222_resized.jpg,target,0,1,oddball,old,5,1.5,33.5283837000025,0,2.19475500000408,0,0,1,0.7,testRandom_odd2,,
img_53nbn.png,living_rooms,6,1,oddball,old,5,1.5,35.8980008000217,0,2.20437999998103,0,0,1,0.7,testRandom_odd2,,
pexels-heyho-6782431_resized.jpg,nontarget,0,1,oddball,old,5,1.5,38.2390599000209,0,2.20472769998014,0,0,1,0.7,testRandom_odd2,,
img_73pyk.png,living_rooms,5,1,oddball,old,5,1.5,40.5989657000173,0,2.19733429999906,0,0,1,0.7,testRandom_odd2,,
pexels-freestocks-1366594_resized.jpg,target,0,1,oddball,old,5,1.5,42.9285840000084,0,2.19709339999827,0,0,1,0.7,testRandom_odd2,,
img_99exx.png,living_rooms,6,1,oddball,old,5,1.5,45.2781490000198,0,2.19862609999836,0,1,1,0.7,testRandom_odd2,,
img_6zz63.png,living_rooms,9,1,oddball,old,5,1.5,47.7050327000034,0,2.20331350000924,0,0,1,0.7,testRandom_odd2,,
img_vgaye.png,living_rooms,8,1,oddball,old,5,1.5,50.0804633000225,0,2.20013969999854,0,0,1,0.7,testRandom_odd2,,
img_pbsj1.png,living_rooms,6,1,oddball,old,5,1.5,52.4478482000122,0,2.20372059999499,0,1,1,0.7,testRandom_odd2,,
nrd-rqVgx85r6B4-unsplash_resized.jpg,target,0,1,oddball,old,5,1.5,54.7841857000021,0,2.20313750000787,0,0,1,0.7,testRandom_odd2,,
img_lgxzn.png,living_rooms,6,1,oddball,old,5,1.5,57.1499509999994,0,2.19467900000745,0,0,1,0.7,testRandom_odd2,,
pexels-filirovska-8251006_resized.jpg,target,0,1,oddball,old,5,1.5,59.5064799000102,1,0.92807319998974,1,0,1,0.7,testRandom_odd2,,
img_nb8p4.png,living_rooms,1,1,oddball,old,5,1.5,61.089490000013,0,2.19500909998897,0,0,1,0.7,testRandom_odd2,,
pexels-heyho-7046006_resized.jpg,nontarget,0,1,oddball,old,5,1.5,63.4194001000142,0,2.19941729999846,0,0,1,0.7,testRandom_odd2,,
img_37hgm.png,living_rooms,6,1,oddball,old,5,1.5,65.783422700013,0,2.20417819998693,0,1,1,0.7,testRandom_odd2,,
img_zh8ms.png,living_rooms,4,1,oddball,old,5,1.5,68.1301461000112,0,2.20460070000263,0,1,1,0.7,testRandom_odd2,,
pexels-artur-u-3061628-9074447_resized.jpg,target,0,1,oddball,old,5,1.5,70.4854395000148,1,0.906806399987545,1,0,1,0.7,testRandom_odd2,,
img_9oofc.png,living_rooms,8,1,oddball,old,5,1.5,72.093134499999,0,2.19890270000906,0,0,1,0.7,testRandom_odd2,,
pexels-heyho-6933766_resized.jpg,nontarget,0,1,oddball,old,5,1.5,74.4256531000137,0,2.20420279999962,0,0,1,0.7,testRandom_odd2,,
img_fmgjx.png,living_rooms,7,1,oddball,old,5,1.5,76.8178071000148,0,2.19524979998823,0,0,1,0.7,testRandom_odd2,,
pexels-heyho-6487948_resized.jpg,nontarget,0,1,oddball,old,5,1.5,79.1510571000108,0,2.20057399998768,0,0,1,0.7,testRandom_odd2,,
img_xpco9.png,living_rooms,8,1,oddball,old,5,1.5,81.5072516000073,0,2.19779209999251,0,1,1,0.7,testRandom_odd2,,
img_4974k.png,living_rooms,7,1,oddball,old,5,1.5,83.8677583000099,0,2.19679950000136,0,0,1,0.7,testRandom_odd2,,
img_pjfx6.png,living_rooms,2,1,oddball,old,5,1.5,86.2201679999998,0,2.19989420002094,0,1,1,0.7,testRandom_odd2,,
pexels-heyho-7031882_resized.jpg,nontarget,0,1,oddball,old,5,1.5,88.5597750000015,0,2.20415410000714,0,0,1,0.7,testRandom_odd2,,
img_c0vzo.png,living_rooms,1,1,oddball,old,5,1.5,90.9242381000076,0,2.19954609998967,0,0,1,0.7,testRandom_odd2,,
osarugue-igbinoba-TLjCumU0IC8-unsplash_resized.jpg,target,0,1,oddball,old,5,1.5,93.2611144999973,0,2.19755660000374,0,0,1,0.7,testRandom_odd2,,
img_eiu3c.png,living_rooms,5,1,oddball,old,5,1.5,95.6306914000015,0,2.19817310001235,0,1,1,0.7,testRandom_odd2,,
img_9wmp8.png,living_rooms,10,1,oddball,old,5,1.5,97.9903561999963,0,2.19477760000154,0,0,1,0.7,testRandom_odd2,,
img_qz292.png,living_rooms,7,1,oddball,old,5,1.5,100.343997500022,0,2.20340619998751,0,1,1,0.7,testRandom_odd2,,
pexels-aqsawii-3027016-5951182_resized.jpg,target,0,1,oddball,old,5,1.5,102.696619900002,1,0.705388800008222,1,0,1,0.7,testRandom_odd2,,
img_16kib.png,living_rooms,8,1,oddball,old,5,1.5,104.303951800015,0,2.19670209998731,0,1,1,0.7,testRandom_odd2,,
img_2qhro.png,living_rooms,8,1,oddball,old,5,1.5,106.661857500003,0,2.19599050001125,0,1,1,0.7,testRandom_odd2,,
nay-myat-min-run1noRcXf0-unsplash_resized.jpg,target,0,1,oddball,old,5,1.5,108.994950000022,0,2.20325799999409,0,0,1,0.7,testRandom_odd2,,
img_tn8ys.png,living_rooms,10,1,oddball,old,5,1.5,111.354432199994,0,2.20046510000248,0,0,1,0.7,testRandom_odd2,,
pexels-apasaric-3423860_resized.jpg,target,0,1,oddball,old,5,1.5,113.714715700014,1,0.705453000002308,1,0,1,0.7,testRandom_odd2,,
img_lpr0l.png,living_rooms,7,1,oddball,old,5,1.5,115.320963300008,0,2.20184749999316,0,0,1,0.7,testRandom_odd2,,
pexels-heyho-6436770_resized.jpg,nontarget,0,1,oddball,old,5,1.5,117.645361800009,0,2.1987739999895,0,0,1,0.7,testRandom_odd2,,
img_c0ecw.png,living_rooms,1,1,oddball,old,5,1.5,120.054417600011,0,2.20178279999527,0,1,1,0.7,testRandom_odd2,,
img_iudc4.png,living_rooms,6,1,oddball,old,5,1.5,122.404312400002,0,2.20000480001909,0,1,1,0.7,testRandom_odd2,,
pexels-heyho-7018243_resized.jpg,nontarget,0,1,oddball,old,5,1.5,124.762512900023,0,2.20195489999605,0,0,1,0.7,testRandom_odd2,,
img_3sw8t.png,living_rooms,5,1,oddball,old,5,1.5,127.124829400011,1,0.949775699991733,1,0,1,0.7,testRandom_odd2,,
nrd-M7jpkJvXGOI-unsplash_resized.jpg,target,0,1,oddball,old,5,1.5,128.730242300022,1,0.705465799983358,1,0,1,0.7,testRandom_odd2,,
img_w8jfk.png,living_rooms,10,1,oddball,old,5,1.5,130.340591800021,0,2.19773629997508,0,1,1,0.7,testRandom_odd2,,
img_pna7l.png,living_rooms,9,1,oddball,old,5,1.5,132.71194400001,0,2.19590819999576,0,1,1,0.7,testRandom_odd2,,
osarugue-igbinoba-1t-mONY1Vbk-unsplash_resized.jpg,target,0,1,oddball,old,5,1.5,135.055226900004,0,2.19476129999384,0,0,1,0.7,testRandom_odd2,,
img_bbs77.png,living_rooms,2,1,oddball,old,5,1.5,137.414587100007,0,2.19927750001079,0,0,1,0.7,testRandom_odd2,,
pexels-heyho-7061423_resized.jpg,nontarget,0,1,oddball,old,5,1.5,139.753552800015,0,2.20446579999407,0,0,1,0.7,testRandom_odd2,,
img_7lz7m.png,living_rooms,3,1,oddball,old,5,1.5,142.11616070001,0,2.19759279998834,0,0,1,0.7,testRandom_odd2,,
osarugue-igbinoba-JLjnVwVPZMo-unsplash_resized.jpg,target,0,1,oddball,old,5,1.5,144.453699900012,0,2.2005503999826,0,0,1,0.7,testRandom_odd2,,
img_15bss.png,living_rooms,10,1,oddball,old,5,1.5,146.827129400015,0,2.20434169998043,0,1,1,0.7,testRandom_odd2,,
img_kost0.png,living_rooms,5,1,oddball,old,5,1.5,149.213300700008,0,2.19506259998889,0,0,1,0.7,testRandom_odd2,,
img_bf8nx.png,living_rooms,9,1,oddball,old,5,1.5,151.564548099996,0,2.19723850002629,0,1,1,0.7,testRandom_odd2,,
pexels-heyho-6487944_resized.jpg,nontarget,0,1,oddball,old,5,1.5,153.898799300019,0,2.20416899997508,0,0,1,0.7,testRandom_odd2,,
img_5mw7y.png,living_rooms,6,1,oddball,old,5,1.5,156.263783800008,0,2.20218510000268,0,0,1,0.7,testRandom_odd2,,
pexels-heyho-7018822_resized.jpg,nontarget,0,1,oddball,old,5,1.5,158.602471499995,0,2.1950129000179,0,0,1,0.7,testRandom_odd2,,
img_j73b6.png,living_rooms,1,1,oddball,old,5,1.5,160.96442970002,0,2.19688499998301,0,1,1,0.7,testRandom_odd2,,
img_5jp4f.png,living_rooms,9,1,oddball,old,5,1.5,163.318608500005,0,2.20272930001374,0,0,1,0.7,testRandom_odd2,,
img_cehin.png,living_rooms,7,1,oddball,old,5,1.5,165.682721400022,0,2.19664989999728,0,1,1,0.7,testRandom_odd2,,
pexels-heyho-7031878_resized.jpg,nontarget,0,1,oddball,old,5,1.5,168.080461200007,0,2.20381700000144,0,0,1,0.7,testRandom_odd2,,
img_i6wsx.png,living_rooms,7,1,oddball,old,5,1.5,170.444721800013,0,2.20507999998517,0,0,1,0.7,testRandom_odd2,,
osarugue-igbinoba-F1TZZeZ4f4U-unsplash_resized.jpg,target,0,1,oddball,old,5,1.5,172.809630200005,0,2.204902700003,0,0,1,0.7,testRandom_odd2,,
img_x4bln.png,living_rooms,7,1,oddball,old,5,1.5,175.177267200022,0,2.20101629997953,0,0,1,0.7,testRandom_odd2,,
pexels-heyho-6908361_resized.jpg,nontarget,0,1,oddball,old,5,1.5,177.51458280001,0,2.20274919999065,0,0,1,0.7,testRandom_odd2,,
img_24rt2.png,living_rooms,3,1,oddball,old,5,1.5,179.883028700016,0,2.20444939998561,0,0,1,0.7,testRandom_odd2,,
pexels-chuck-15491800_resized.jpg,target,0,1,oddball,old,5,1.5,182.241385800007,1,0.7053842000023,1,0,1,0.7,testRandom_odd2,,
img_5nlnv.png,living_rooms,9,1,oddball,old,5,1.5,183.852876000019,0,2.20322359999409,0,0,1,0.7,testRandom_odd2,,
pexels-greta-hoffman-9705830_resized.jpg,target,0,1,oddball,old,5,1.5,186.212691399996,1,0.705232100008288,1,0,1,0.7,testRandom_odd2,,
img_95hiv.png,living_rooms,9,1,oddball,old,5,1.5,187.812699600006,0,2.20408900000621,0,1,1,0.7,testRandom_odd2,,
img_d480g.png,living_rooms,10,1,memory,new,5,1.5,191.636031600006,4,3.18595410001581,,0,1,0.7,testRandom_odd2,4,cr
img_j73b6.png,living_rooms,1,1,memory,old,5,1.5,196.448416300002,4,1.25759100000141,,1,1,0.7,testRandom_odd2,4,miss
img_kjbrh.png,living_rooms,9,1,memory,new,5,1.5,199.314928800013,4,0.917095999990124,,0,1,0.7,testRandom_odd2,4,cr
img_e44sl.png,living_rooms,8,1,memory,new,5,1.5,201.853428200004,1,0.893293900007848,,0,1,0.7,testRandom_odd2,1,fa
img_pna7l.png,living_rooms,9,1,memory,old,5,1.5,204.377550100005,4,1.08791349999956,,1,1,0.7,testRandom_odd2,4,miss
img_mhkzb.png,living_rooms,10,1,memory,new,5,1.5,207.1124289,4,1.12822780001443,,0,1,0.7,testRandom_odd2,4,cr
img_i2l9a.png,living_rooms,1,1,memory,new,5,1.5,209.8761657,1,0.94714030000614,,0,1,0.7,testRandom_odd2,1,fa
img_il020.png,living_rooms,1,1,memory,new,5,1.5,212.428187300015,3,1.69294499998796,,0,1,0.7,testRandom_odd2,3,cr
img_astid.png,living_rooms,2,1,memory,new,5,1.5,215.756059600011,3,1.09645809998619,,0,1,0.7,testRandom_odd2,3,cr
img_s2zoe.png,living_rooms,5,1,memory,old,5,1.5,218.462387900014,1,0.884114399988903,,1,1,0.7,testRandom_odd2,1,hit
img_vgaye.png,living_rooms,8,1,memory,old,5,1.5,220.979251400015,2,1.0313319999841,,0,1,0.7,testRandom_odd2,2,hit
img_syam3.png,living_rooms,2,1,memory,new,5,1.5,223.634569900023,4,0.873231799982022,,0,1,0.7,testRandom_odd2,4,cr
img_s1t24.png,living_rooms,10,1,memory,new,5,1.5,226.131665399997,1,0.936762299999828,,0,1,0.7,testRandom_odd2,1,fa
img_ohtbu.png,living_rooms,1,1,memory,new,5,1.5,228.692659599998,2,1.08632990001934,,0,1,0.7,testRandom_odd2,2,fa
img_3sw8t.png,living_rooms,5,1,memory,old,5,1.5,231.406919900008,3,1.47607430000789,,0,1,0.7,testRandom_odd2,3,miss
img_24rt2.png,living_rooms,3,1,memory,old,5,1.5,234.509841799998,3,1.87098259999766,,0,1,0.7,testRandom_odd2,3,miss
img_81nb0.png,living_rooms,1,1,memory,new,5,1.5,238.03400460002,3,0.853280399984214,,0,1,0.7,testRandom_odd2,3,cr
img_16kib.png,living_rooms,8,1,memory,old,5,1.5,240.4946643,2,0.787261400022544,,1,1,0.7,testRandom_odd2,2,hit
img_95hiv.png,living_rooms,9,1,memory,old,5,1.5,242.916329500003,1,0.670212500001071,,1,1,0.7,testRandom_odd2,1,hit
img_lo6c4.png,living_rooms,1,1,memory,new,5,1.5,245.202534300013,4,0.914146900002379,,0,1,0.7,testRandom_odd2,4,cr
img_7f11q.png,living_rooms,8,1,memory,new,5,1.5,247.742352400004,4,2.58837670000503,,0,1,0.7,testRandom_odd2,4,cr
img_a3jds.png,living_rooms,8,1,memory,new,5,1.5,251.962377500022,3,1.00300609998521,,0,1,0.7,testRandom_odd2,3,cr
img_cehin.png,living_rooms,7,1,memory,old,5,1.5,254.555210699997,2,1.11801780000678,,1,1,0.7,testRandom_odd2,2,hit
img_i6wsx.png,living_rooms,7,1,memory,old,5,1.5,257.302657399996,1,0.727461600006791,,0,1,0.7,testRandom_odd2,1,hit
img_37hgm.png,living_rooms,6,1,memory,old,5,1.5,259.653980600007,1,0.742436700005783,,1,1,0.7,testRandom_odd2,1,hit
img_bg264.png,living_rooms,10,1,memory,old,5,1.5,262.027468200016,3,2.30448279998382,,0,1,0.7,testRandom_odd2,3,miss
img_hfj08.png,living_rooms,9,1,memory,new,5,1.5,265.955361600005,4,1.02864750000299,,0,1,0.7,testRandom_odd2,4,cr
img_cic06.png,living_rooms,9,1,memory,new,5,1.5,268.629155800008,2,1.24538119998761,,0,1,0.7,testRandom_odd2,2,fa
img_j4ttn.png,living_rooms,1,1,memory,new,5,1.5,271.503739900014,1,1.30499420000706,,0,1,0.7,testRandom_odd2,1,fa
img_9oofc.png,living_rooms,8,1,memory,old,5,1.5,274.433842900005,1,0.940539600007469,,0,1,0.7,testRandom_odd2,1,hit
img_xpco9.png,living_rooms,8,1,memory,old,5,1.5,277.008195800008,1,1.07229630000074,,1,1,0.7,testRandom_odd2,1,hit
img_5nlnv.png,living_rooms,9,1,memory,old,5,1.5,279.706044599996,3,1.74297210000805,,0,1,0.7,testRandom_odd2,3,miss
img_xbtev.png,living_rooms,1,1,memory,new,5,1.5,283.076216400019,2,1.07639329999802,,0,1,0.7,testRandom_odd2,2,fa
img_c0ecw.png,living_rooms,1,1,memory,old,5,1.5,285.779059499997,1,0.983247800002573,,1,1,0.7,testRandom_odd2,1,hit
img_hmmra.png,living_rooms,3,1,memory,old,5,1.5,288.409364200023,1,0.819641899986891,,1,1,0.7,testRandom_odd2,1,hit
img_v771n.png,living_rooms,1,1,memory,new,5,1.5,290.856269300013,1,2.40277600000263,,0,1,0.7,testRandom_odd2,1,fa
img_fmgjx.png,living_rooms,7,1,memory,old,5,1.5,294.889966899995,1,0.701273000013316,,0,1,0.7,testRandom_odd2,1,hit
img_ysb5z.png,living_rooms,9,1,memory,new,5,1.5,297.222950900003,1,0.777928199997405,,0,1,0.7,testRandom_odd2,1,fa
img_6vta6.png,living_rooms,8,1,memory,new,5,1.5,299.634385800018,4,1.70198119999259,,0,1,0.7,testRandom_odd2,4,cr
img_nb8p4.png,living_rooms,1,1,memory,old,5,1.5,302.965544200008,1,1.05283460000646,,0,1,0.7,testRandom_odd2,1,hit
img_mdh76.png,living_rooms,2,1,memory,new,5,1.5,305.659194300009,1,0.862565199990058,,0,1,0.7,testRandom_odd2,1,fa
img_r10cu.png,living_rooms,7,1,memory,old,5,1.5,308.154959300009,1,0.779466600011801,,0,1,0.7,testRandom_odd2,1,hit
img_314bq.png,living_rooms,2,1,memory,new,5,1.5,310.558121200011,3,3.33689109998522,,0,1,0.7,testRandom_odd2,3,cr
img_pjfx6.png,living_rooms,2,1,memory,old,5,1.5,315.507257599995,2,1.38564110000152,,1,1,0.7,testRandom_odd2,2,hit
img_qz292.png,living_rooms,7,1,memory,old,5,1.5,318.522680199996,1,0.819000400020741,,1,1,0.7,testRandom_odd2,1,hit
img_x8z4x.png,living_rooms,10,1,memory,new,5,1.5,320.970931999997,4,2.59650110002258,,0,1,0.7,testRandom_odd2,4,cr
img_73pyk.png,living_rooms,5,1,memory,old,5,1.5,325.175590300001,1,0.858539000008022,,0,1,0.7,testRandom_odd2,1,hit
img_1i6q5.png,living_rooms,9,1,memory,new,5,1.5,327.661365000007,2,1.84302020000177,,0,1,0.7,testRandom_odd2,2,fa
img_n42jt.png,living_rooms,10,1,memory,new,5,1.5,331.140462900017,4,1.77717240000493,,0,1,0.7,testRandom_odd2,4,cr
img_6wne4.png,living_rooms,1,1,memory,old,5,1.5,334.545776600018,1,1.45764290000079,,0,1,0.7,testRandom_odd2,1,hit
img_kost0.png,living_rooms,5,1,memory,old,5,1.5,337.630056499998,99,0.778556400007801,,0,,,,,
img_tn8ys.png,living_rooms,10,1,memory,old,5,,,,,,,,,,,
img_8dmpq.png,living_rooms,2,1,memory,new,5,,,,,,,,,,,
img_7lz7m.png,living_rooms,3,1,memory,old,5,,,,,,,,,,,
img_2g129.png,living_rooms,9,1,memory,new,5,,,,,,,,,,,
img_15bss.png,living_rooms,10,1,memory,old,5,,,,,,,,,,,
img_53nbn.png,living_rooms,6,1,memory,old,5,,,,,,,,,,,
img_gka64.png,living_rooms,1,1,memory,new,5,,,,,,,,,,,
img_4974k.png,living_rooms,7,1,memory,old,5,,,,,,,,,,,
img_5jp4f.png,living_rooms,9,1,memory,old,5,,,,,,,,,,,
img_lgxzn.png,living_rooms,6,1,memory,old,5,,,,,,,,,,,
img_hbemf.png,living_rooms,9,1,memory,new,5,,,,,,,,,,,
img_mvoj8.png,living_rooms,10,1,memory,new,5,,,,,,,,,,,
img_lpr0l.png,living_rooms,7,1,memory,old,5,,,,,,,,,,,
img_x4bln.png,living_rooms,7,1,memory,old,5,,,,,,,,,,,
img_a6u3n.png,living_rooms,9,1,memory,new,5,,,,,,,,,,,
img_c0vzo.png,living_rooms,1,1,memory,old,5,,,,,,,,,,,
img_0t206.png,living_rooms,10,1,memory,new,5,,,,,,,,,,,
img_eiu3c.png,living_rooms,5,1,memory,old,5,,,,,,,,,,,
img_2qhro.png,living_rooms,8,1,memory,old,5,,,,,,,,,,,
img_62xpv.png,living_rooms,8,1,memory,new,5,,,,,,,,,,,
img_pbsj1.png,living_rooms,6,1,memory,old,5,,,,,,,,,,,
img_gnxyk.png,living_rooms,9,1,memory,new,5,,,,,,,,,,,
img_d1e9h.png,living_rooms,9,1,memory,new,5,,,,,,,,,,,
img_8i3q8.png,living_rooms,8,1,memory,new,5,,,,,,,,,,,
img_4td0x.png,living_rooms,10,1,memory,new,5,,,,,,,,,,,
img_00ojb.png,living_rooms,9,1,memory,new,5,,,,,,,,,,,
img_hfte7.png,living_rooms,10,1,memory,new,5,,,,,,,,,,,
img_iudc4.png,living_rooms,6,1,memory,old,5,,,,,,,,,,,
img_6zz63.png,living_rooms,9,1,memory,old,5,,,,,,,,,,,
img_j856a.png,living_rooms,2,1,memory,new,5,,,,,,,,,,,
img_zh8ms.png,living_rooms,4,1,memory,old,5,,,,,,,,,,,
img_5mw7y.png,living_rooms,6,1,memory,old,5,,,,,,,,,,,
img_6vila.png,living_rooms,8,1,memory,new,5,,,,,,,,,,,
img_9wmp8.png,living_rooms,10,1,memory,old,5,,,,,,,,,,,
img_bbs77.png,living_rooms,2,1,memory,old,5,,,,,,,,,,,
img_tseae.png,living_rooms,9,1,memory,new,5,,,,,,,,,,,
img_99exx.png,living_rooms,6,1,memory,old,5,,,,,,,,,,,
img_6xg4l.png,living_rooms,8,1,memory,new,5,,,,,,,,,,,
img_68f2l.png,living_rooms,9,1,memory,new,5,,,,,,,,,,,
img_w8jfk.png,living_rooms,10,1,memory,old,5,,,,,,,,,,,
img_ivx6p.png,living_rooms,9,1,memory,new,5,,,,,,,,,,,
img_bf8nx.png,living_rooms,9,1,memory,old,5,,,,,,,,,,,
img_s3ngq.png,living_rooms,10,1,memory,new,5,,,,,,,,,,,
img_1iam9.png,living_rooms,2,1,memory,new,5,,,,,,,,,,,
img_xzyzy.png,living_rooms,9,1,memory,old,5,,,,,,,,,,,
bui-hoang-long-os6khQjPF_A-unsplash_resized.jpg,target,0,1,oddball,old,1,,,,,,,,,,,
img_as3da.png,kitchens,9,1,oddball,old,1,,,,,,,,,,,
img_p3hpc.png,kitchens,6,1,oddball,old,1,,,,,,,,,,,
adly-hakim-GiUH0K__cmQ-unsplash_resized.jpg,target,0,1,oddball,old,1,,,,,,,,,,,
img_c3r29.png,kitchens,9,1,oddball,old,1,,,,,,,,,,,
img_sfq2m.png,kitchens,9,1,oddball,old,1,,,,,,,,,,,
bathroom-8428429_1920_resized.jpg,nontarget,0,1,oddball,old,1,,,,,,,,,,,
img_x9ml4.png,kitchens,3,1,oddball,old,1,,,,,,,,,,,
adiptalk-3VoUDb-sVt4-unsplash_resized.jpg,target,0,1,oddball,old,1,,,,,,,,,,,
img_eatdk.png,kitchens,8,1,oddball,old,1,,,,,,,,,,,
aquilion-property-dZYYr4rO3DI-unsplash_resized.jpg,nontarget,0,1,oddball,old,1,,,,,,,,,,,
img_gztbt.png,kitchens,2,1,oddball,old,1,,,,,,,,,,,
img_9mky8.png,kitchens,9,1,oddball,old,1,,,,,,,,,,,
brad-2Vl1JZFmtOw-unsplash_resized.jpg,target,0,1,oddball,old,1,,,,,,,,,,,
img_72hmj.png,kitchens,10,1,oddball,old,1,,,,,,,,,,,
carmela-bPdZlA6NWn0-unsplash_resized.jpg,target,0,1,oddball,old,1,,,,,,,,,,,
img_lgyo6.png,kitchens,2,1,oddball,old,1,,,,,,,,,,,
annie-vo-H6JDMQ0ym8k-unsplash_resized.jpg,target,0,1,oddball,old,1,,,,,,,,,,,
img_68wfw.png,kitchens,5,1,oddball,old,1,,,,,,,,,,,
antoine-gravier-2QxjeVERIPw-unsplash_resized.jpg,nontarget,0,1,oddball,old,1,,,,,,,,,,,
img_jz3kd.png,kitchens,6,1,oddball,old,1,,,,,,,,,,,
img_30vz5.png,kitchens,10,1,oddball,old,1,,,,,,,,,,,
brad-vVPotIGREhY-unsplash_resized.jpg,target,0,1,oddball,old,1,,,,,,,,,,,
img_84s7n.png,kitchens,1,1,oddball,old,1,,,,,,,,,,,
benigno-hoyuela-Z5PknsAvHkk-unsplash_resized.jpg,target,0,1,oddball,old,1,,,,,,,,,,,
img_u9f9l.png,kitchens,7,1,oddball,old,1,,,,,,,,,,,
alan-alves-yUtPwsEau8I-unsplash_resized.jpg,target,0,1,oddball,old,1,,,,,,,,,,,
img_z10c7.png,kitchens,3,1,oddball,old,1,,,,,,,,,,,
img_zi8qc.png,kitchens,7,1,oddball,old,1,,,,,,,,,,,
img_q1ynd.png,kitchens,5,1,oddball,old,1,,,,,,,,,,,
bathroom-6893117_1920_resized.jpg,nontarget,0,1,oddball,old,1,,,,,,,,,,,
img_mucwi.png,kitchens,5,1,oddball,old,1,,,,,,,,,,,
bathroom-8260426_1920_resized.jpg,nontarget,0,1,oddball,old,1,,,,,,,,,,,
img_uspja.png,kitchens,2,1,oddball,old,1,,,,,,,,,,,
caique-morais-4ckTrPZzPgk-unsplash_resized.jpg,target,0,1,oddball,old,1,,,,,,,,,,,
img_xti0z.png,kitchens,8,1,oddball,old,1,,,,,,,,,,,
img_0mhms.png,kitchens,7,1,oddball,old,1,,,,,,,,,,,
backbone-visuals-L4iRkKL5dng-unsplash_resized.jpg,nontarget,0,1,oddball,old,1,,,,,,,,,,,
img_vbrb7.png,kitchens,10,1,oddball,old,1,,,,,,,,,,,
bathroom-8323932_1920_resized.jpg,nontarget,0,1,oddball,old,1,,,,,,,,,,,
img_k0ze7.png,kitchens,3,1,oddball,old,1,,,,,,,,,,,
alex-tyson-trSptCbWxAo-unsplash_resized.jpg,nontarget,0,1,oddball,old,1,,,,,,,,,,,
img_79b5l.png,kitchens,6,1,oddball,old,1,,,,,,,,,,,
bathroom-1940171_1920_resized.jpg,nontarget,0,1,oddball,old,1,,,,,,,,,,,
img_1m0fn.png,kitchens,9,1,oddball,old,1,,,,,,,,,,,
img_p659z.png,kitchens,9,1,oddball,old,1,,,,,,,,,,,
brad-3v5yG5u8L0Y-unsplash_resized.jpg,target,0,1,oddball,old,1,,,,,,,,,,,
img_a220l.png,kitchens,8,1,oddball,old,1,,,,,,,,,,,
img_lszzj.png,kitchens,4,1,oddball,old,1,,,,,,,,,,,
caique-morais-YVSR6ILS9wM-unsplash_resized.jpg,target,0,1,oddball,old,1,,,,,,,,,,,
img_t1cr9.png,kitchens,6,1,oddball,old,1,,,,,,,,,,,
99-films-9K-rMgWLCYM-unsplash_resized.jpg,nontarget,0,1,oddball,old,1,,,,,,,,,,,
img_r2lxk.png,kitchens,10,1,oddball,old,1,,,,,,,,,,,
bathroom-3615667_1280_resized.jpg,nontarget,0,1,oddball,old,1,,,,,,,,,,,
img_1r08n.png,kitchens,5,1,oddball,old,1,,,,,,,,,,,
chuttersnap-6xB6mxsLTV0-unsplash_resized.jpg,target,0,1,oddball,old,1,,,,,,,,,,,
img_njmgp.png,kitchens,8,1,oddball,old,1,,,,,,,,,,,
alexander-fife-6fWlqSqzWus-unsplash_resized.jpg,nontarget,0,1,oddball,old,1,,,,,,,,,,,
img_z5osu.png,kitchens,5,1,oddball,old,1,,,,,,,,,,,
bathroom-6893077_1920_resized.jpg,nontarget,0,1,oddball,old,1,,,,,,,,,,,
img_wppku.png,kitchens,6,1,oddball,old,1,,,,,,,,,,,
img_05flq.png,kitchens,1,1,oddball,old,1,,,,,,,,,,,
img_57os5.png,kitchens,9,1,oddball,old,1,,,,,,,,,,,
img_7pgd2.png,kitchens,8,1,oddball,old,1,,,,,,,,,,,
cheungyin-8TEj9frsgO0-unsplash_resized.jpg,target,0,1,oddball,old,1,,,,,,,,,,,
img_e0hwx.png,kitchens,7,1,oddball,old,1,,,,,,,,,,,
img_ifebc.png,kitchens,10,1,oddball,old,1,,,,,,,,,,,
bathroom-335748_1920_resized.jpg,nontarget,0,1,oddball,old,1,,,,,,,,,,,
img_ua9bs.png,kitchens,9,1,oddball,old,1,,,,,,,,,,,
img_i2k07.png,kitchens,3,1,oddball,old,1,,,,,,,,,,,
img_cxpff.png,kitchens,6,1,oddball,old,1,,,,,,,,,,,
bathroom-8714843_1920_resized.jpg,nontarget,0,1,oddball,old,1,,,,,,,,,,,
img_qbkdt.png,kitchens,5,1,oddball,old,1,,,,,,,,,,,
bathroom-1336165_1280_resized.jpg,nontarget,0,1,oddball,old,1,,,,,,,,,,,
img_60242.png,kitchens,7,1,oddball,old,1,,,,,,,,,,,
brittani-burns-ZjnINvfPnig-unsplash_resized.jpg,target,0,1,oddball,old,1,,,,,,,,,,,
img_mawe6.png,kitchens,9,1,oddball,old,1,,,,,,,,,,,
img_q577a.png,kitchens,8,1,oddball,old,1,,,,,,,,,,,
img_kugyw.png,kitchens,6,1,oddball,old,1,,,,,,,,,,,
bruno-guerrero-hsLEinH0XrU-unsplash_resized.jpg,target,0,1,oddball,old,1,,,,,,,,,,,
img_p659z.png,kitchens,9,1,memory,old,1,,,,,,,,,,,
img_0dege.png,kitchens,9,1,memory,new,1,,,,,,,,,,,
img_k3abb.png,kitchens,1,1,memory,new,1,,,,,,,,,,,
img_x9ml4.png,kitchens,3,1,memory,old,1,,,,,,,,,,,
img_rav8j.png,kitchens,1,1,memory,new,1,,,,,,,,,,,
img_4g6yq.png,kitchens,10,1,memory,new,1,,,,,,,,,,,
img_3y35o.png,kitchens,10,1,memory,new,1,,,,,,,,,,,
img_fi08p.png,kitchens,9,1,memory,new,1,,,,,,,,,,,
img_5yhe7.png,kitchens,10,1,memory,new,1,,,,,,,,,,,
img_i2k07.png,kitchens,3,1,memory,old,1,,,,,,,,,,,
img_9b6yl.png,kitchens,10,1,memory,new,1,,,,,,,,,,,
img_z5osu.png,kitchens,5,1,memory,old,1,,,,,,,,,,,
img_as3da.png,kitchens,9,1,memory,old,1,,,,,,,,,,,
img_18r80.png,kitchens,10,1,memory,new,1,,,,,,,,,,,
img_es7o2.png,kitchens,2,1,memory,new,1,,,,,,,,,,,
img_u9f9l.png,kitchens,7,1,memory,old,1,,,,,,,,,,,
img_30vz5.png,kitchens,10,1,memory,old,1,,,,,,,,,,,
img_jgqri.png,kitchens,10,1,memory,new,1,,,,,,,,,,,
img_eatdk.png,kitchens,8,1,memory,old,1,,,,,,,,,,,
img_kwbzo.png,kitchens,10,1,memory,new,1,,,,,,,,,,,
img_uspja.png,kitchens,2,1,memory,old,1,,,,,,,,,,,
img_p3hpc.png,kitchens,6,1,memory,old,1,,,,,,,,,,,
img_2rtxu.png,kitchens,9,1,memory,new,1,,,,,,,,,,,
img_60242.png,kitchens,7,1,memory,old,1,,,,,,,,,,,
img_dbf9a.png,kitchens,10,1,memory,new,1,,,,,,,,,,,
img_xnyo5.png,kitchens,1,1,memory,new,1,,,,,,,,,,,
img_qbkdt.png,kitchens,5,1,memory,old,1,,,,,,,,,,,
img_1r08n.png,kitchens,5,1,memory,old,1,,,,,,,,,,,
img_c3r29.png,kitchens,9,1,memory,old,1,,,,,,,,,,,
img_cfarv.png,kitchens,1,1,memory,new,1,,,,,,,,,,,
img_nyv2b.png,kitchens,1,1,memory,new,1,,,,,,,,,,,
img_t1cr9.png,kitchens,6,1,memory,old,1,,,,,,,,,,,
img_66fuf.png,kitchens,9,1,memory,new,1,,,,,,,,,,,
img_cxpff.png,kitchens,6,1,memory,old,1,,,,,,,,,,,
img_mucwi.png,kitchens,5,1,memory,old,1,,,,,,,,,,,
img_7wquy.png,kitchens,2,1,memory,new,1,,,,,,,,,,,
img_mawe6.png,kitchens,9,1,memory,old,1,,,,,,,,,,,
img_q1ynd.png,kitchens,5,1,memory,old,1,,,,,,,,,,,
img_1m0fn.png,kitchens,9,1,memory,old,1,,,,,,,,,,,
img_vbrb7.png,kitchens,10,1,memory,old,1,,,,,,,,,,,
img_e0hwx.png,kitchens,7,1,memory,old,1,,,,,,,,,,,
img_faly8.png,kitchens,1,1,memory,new,1,,,,,,,,,,,
img_89rmb.png,kitchens,2,1,memory,new,1,,,,,,,,,,,
img_ua9bs.png,kitchens,9,1,memory,old,1,,,,,,,,,,,
img_lszzj.png,kitchens,4,1,memory,old,1,,,,,,,,,,,
img_72hmj.png,kitchens,10,1,memory,old,1,,,,,,,,,,,
img_kugyw.png,kitchens,6,1,memory,old,1,,,,,,,,,,,
img_39hz5.png,kitchens,10,1,memory,new,1,,,,,,,,,,,
img_fqcvd.png,kitchens,9,1,memory,new,1,,,,,,,,,,,
img_57os5.png,kitchens,9,1,memory,old,1,,,,,,,,,,,
img_411xa.png,kitchens,2,1,memory,new,1,,,,,,,,,,,
img_z10c7.png,kitchens,3,1,memory,old,1,,,,,,,,,,,
img_njmgp.png,kitchens,8,1,memory,old,1,,,,,,,,,,,
img_68wfw.png,kitchens,5,1,memory,old,1,,,,,,,,,,,
img_moplo.png,kitchens,10,1,memory,new,1,,,,,,,,,,,
img_dbf9a.png,kitchens,10,1,memory,new,1,,,,,,,,,,,
img_9ann0.png,kitchens,9,1,memory,new,1,,,,,,,,,,,
img_6j727.png,kitchens,9,1,memory,new,1,,,,,,,,,,,
img_84s7n.png,kitchens,1,1,memory,old,1,,,,,,,,,,,
img_jdkip.png,kitchens,10,1,memory,new,1,,,,,,,,,,,
img_k0ze7.png,kitchens,3,1,memory,old,1,,,,,,,,,,,
img_bl2f1.png,kitchens,10,1,memory,new,1,,,,,,,,,,,
img_9d84u.png,kitchens,9,1,memory,new,1,,,,,,,,,,,
img_pqmsq.png,kitchens,10,1,memory,new,1,,,,,,,,,,,
img_jz3kd.png,kitchens,6,1,memory,old,1,,,,,,,,,,,
img_tsf9y.png,kitchens,9,1,memory,new,1,,,,,,,,,,,
img_ejjkj.png,kitchens,9,1,memory,new,1,,,,,,,,,,,
img_7pgd2.png,kitchens,8,1,memory,old,1,,,,,,,,,,,
img_79b5l.png,kitchens,6,1,memory,old,1,,,,,,,,,,,
img_1ojyk.png,kitchens,10,1,memory,new,1,,,,,,,,,,,
img_05flq.png,kitchens,1,1,memory,old,1,,,,,,,,,,,
img_yqoce.png,kitchens,9,1,memory,new,1,,,,,,,,,,,
img_667w7.png,kitchens,9,1,memory,new,1,,,,,,,,,,,
img_q577a.png,kitchens,8,1,memory,old,1,,,,,,,,,,,
img_lgyo6.png,kitchens,2,1,memory,old,1,,,,,,,,,,,
img_8vcm6.png,kitchens,10,1,memory,new,1,,,,,,,,,,,
img_3m2h0.png,kitchens,10,1,memory,new,1,,,,,,,,,,,
img_ifebc.png,kitchens,10,1,memory,old,1,,,,,,,,,,,
img_4m9ud.png,kitchens,10,1,memory,new,1,,,,,,,,,,,
img_zi8qc.png,kitchens,7,1,memory,old,1,,,,,,,,,,,
img_gztbt.png,kitchens,2,1,memory,old,1,,,,,,,,,,,
img_7w5tw.png,kitchens,2,1,memory,new,1,,,,,,,,,,,
img_4xxuf.png,kitchens,10,1,memory,new,1,,,,,,,,,,,
img_0mhms.png,kitchens,7,1,memory,old,1,,,,,,,,,,,
img_sfq2m.png,kitchens,9,1,memory,old,1,,,,,,,,,,,
img_r2lxk.png,kitchens,10,1,memory,old,1,,,,,,,,,,,
img_t27my.png,kitchens,1,1,memory,new,1,,,,,,,,,,,
img_atzjw.png,kitchens,1,1,memory,new,1,,,,,,,,,,,
img_a220l.png,kitchens,8,1,memory,old,1,,,,,,,,,,,
img_9mky8.png,kitchens,9,1,memory,old,1,,,,,,,,,,,
img_wppku.png,kitchens,6,1,memory,old,1,,,,,,,,,,,
img_mdlpz.png,kitchens,10,1,memory,new,1,,,,,,,,,,,
img_xti0z.png,kitchens,8,1,memory,old,1,,,,,,,,,,,
img_uhmld.png,kitchens,2,1,memory,new,1,,,,,,,,,,,
img_v176l.png,kitchens,1,1,memory,new,1,,,,,,,,,,,
img_xtb79.png,kitchens,2,1,memory,new,1,,,,,,,,,,,
img_h0hbk.png,bedrooms,9,1,oddball,old,3,,,,,,,,,,,
justin-wolff-f8rXXuctnSw-unsplash_resized.jpg,nontarget,0,1,oddball,old,3,,,,,,,,,,,
img_0nckg.png,bedrooms,4,1,oddball,old,3,,,,,,,,,,,
interior-design-6799917_1920_resized.jpg,nontarget,0,1,oddball,old,3,,,,,,,,,,,
img_jivhq.png,bedrooms,2,1,oddball,old,3,,,,,,,,,,,
img_wyctg.png,bedrooms,1,1,oddball,old,3,,,,,,,,,,,
img_d7iri.png,bedrooms,9,1,oddball,old,3,,,,,,,,,,,
hemant-kanojiya-LSKfjiXsbUU-unsplash_resized.jpg,nontarget,0,1,oddball,old,3,,,,,,,,,,,
img_g2akb.png,bedrooms,10,1,oddball,old,3,,,,,,,,,,,
img_ca8kd.png,bedrooms,10,1,oddball,old,3,,,,,,,,,,,
jack-lee-IH65r4HEQWQ-unsplash_resized.jpg,target,0,1,oddball,old,3,,,,,,,,,,,
img_ys3qz.png,bedrooms,2,1,oddball,old,3,,,,,,,,,,,
franki-chamaki-ivfp_yxZuYQ-unsplash_resized.jpg,target,0,1,oddball,old,3,,,,,,,,,,,
img_fqgem.png,bedrooms,8,1,oddball,old,3,,,,,,,,,,,
img_kzg3h.png,bedrooms,7,1,oddball,old,3,,,,,,,,,,,
jan-antonin-kolar-y6zRzU2_GAA-unsplash_resized.jpg,target,0,1,oddball,old,3,,,,,,,,,,,
img_i7vab.png,bedrooms,9,1,oddball,old,3,,,,,,,,,,,
grocery-4715107_1920_resized.jpg,target,0,1,oddball,old,3,,,,,,,,,,,
img_fl5cd.png,bedrooms,10,1,oddball,old,3,,,,,,,,,,,
fbelladona-RdWoJZbcQvo-unsplash_resized.jpg,target,0,1,oddball,old,3,,,,,,,,,,,
img_gqy6z.png,bedrooms,9,1,oddball,old,3,,,,,,,,,,,
illumination-marketing-LbLSqPbnjRw-unsplash_resized.jpg,nontarget,0,1,oddball,old,3,,,,,,,,,,,
img_7caxh.png,bedrooms,8,1,oddball,old,3,,,,,,,,,,,
img_kn0we.png,bedrooms,7,1,oddball,old,3,,,,,,,,,,,
img_088sa.png,bedrooms,4,1,oddball,old,3,,,,,,,,,,,
franki-chamaki-ZLaxv6iiLcI-unsplash_resized.jpg,target,0,1,oddball,old,3,,,,,,,,,,,
img_7os7q.png,bedrooms,3,1,oddball,old,3,,,,,,,,,,,
img_os89g.png,bedrooms,9,1,oddball,old,3,,,,,,,,,,,
ganda-lukman-ffjicRx3v1Y-unsplash_resized.jpg,target,0,1,oddball,old,3,,,,,,,,,,,
img_9z99v.png,bedrooms,8,1,oddball,old,3,,,,,,,,,,,
img_h0px5.png,bedrooms,9,1,oddball,old,3,,,,,,,,,,,
jon-stebbe-GY5DTZ51sXs-unsplash_resized.jpg,nontarget,0,1,oddball,old,3,,,,,,,,,,,
img_e26ut.png,bedrooms,8,1,oddball,old,3,,,,,,,,,,,
img_izc5x.png,bedrooms,9,1,oddball,old,3,,,,,,,,,,,
fernando-cascante-AqP6drQ5Q70-unsplash_resized.jpg,target,0,1,oddball,old,3,,,,,,,,,,,
img_v8dra.png,bedrooms,3,1,oddball,old,3,,,,,,,,,,,
fikri-rasyid-ezeC8-clZSs-unsplash_resized.jpg,target,0,1,oddball,old,3,,,,,,,,,,,
img_zt893.png,bedrooms,5,1,oddball,old,3,,,,,,,,,,,
furniture-6778198_1920_resized.jpg,nontarget,0,1,oddball,old,3,,,,,,,,,,,
img_71mhq.png,bedrooms,5,1,oddball,old,3,,,,,,,,,,,
interior-design-6799917_1280_resized.jpg,nontarget,0,1,oddball,old,3,,,,,,,,,,,
img_bntrh.png,bedrooms,6,1,oddball,old,3,,,,,,,,,,,
img_scrdm.png,bedrooms,7,1,oddball,old,3,,,,,,,,,,,
img_zgg62.png,bedrooms,8,1,oddball,old,3,,,,,,,,,,,
jana-heinemann-hztvuJsoTmY-unsplash_resized.jpg,nontarget,0,1,oddball,old,3,,,,,,,,,,,
img_oou46.png,bedrooms,6,1,oddball,old,3,,,,,,,,,,,
img_u1rxv.png,bedrooms,6,1,oddball,old,3,,,,,,,,,,,
jana-heinemann-pVQM6vJg92M-unsplash_resized.jpg,nontarget,0,1,oddball,old,3,,,,,,,,,,,
img_fbihy.png,bedrooms,2,1,oddball,old,3,,,,,,,,,,,
jose-angel-perales-gomez-ktswqGsqaMQ-unsplash_resized.jpg,target,0,1,oddball,old,3,,,,,,,,,,,
img_4wq98.png,bedrooms,7,1,oddball,old,3,,,,,,,,,,,
hendrik-morkel-hZIhvOwyP0U-unsplash_resized.jpg,target,0,1,oddball,old,3,,,,,,,,,,,
img_5p2ql.png,bedrooms,10,1,oddball,old,3,,,,,,,,,,,
img_dkqas.png,bedrooms,7,1,oddball,old,3,,,,,,,,,,,
img_ose78.png,bedrooms,8,1,oddball,old,3,,,,,,,,,,,
lotus-design-n-print-Dk_o7KQyGkI-unsplash_resized.jpg,nontarget,0,1,oddball,old,3,,,,,,,,,,,
img_3h4c9.png,bedrooms,9,1,oddball,old,3,,,,,,,,,,,
grace-kelly-xCxMmFBjJ6o-unsplash_resized.jpg,nontarget,0,1,oddball,old,3,,,,,,,,,,,
img_2js6m.png,bedrooms,2,1,oddball,old,3,,,,,,,,,,,
img_ymgcb.png,bedrooms,8,1,oddball,old,3,,,,,,,,,,,
house-method-FssgtQxo2xc-unsplash_resized.jpg,nontarget,0,1,oddball,old,3,,,,,,,,,,,
img_47k1j.png,bedrooms,4,1,oddball,old,3,,,,,,,,,,,
gemma-c-stpjHJGqZyw-unsplash_resized.jpg,target,0,1,oddball,old,3,,,,,,,,,,,
img_a8y4y.png,bedrooms,6,1,oddball,old,3,,,,,,,,,,,
hulki-okan-tabak-AG0iadQfRDg-unsplash_resized.jpg,target,0,1,oddball,old,3,,,,,,,,,,,
img_zzb9f.png,bedrooms,10,1,oddball,old,3,,,,,,,,,,,
grocery-1232944_1920_resized.jpg,target,0,1,oddball,old,3,,,,,,,,,,,
img_yteqw.png,bedrooms,4,1,oddball,old,3,,,,,,,,,,,
jon-stebbe-JAW8aK3ImD8-unsplash_resized.jpg,nontarget,0,1,oddball,old,3,,,,,,,,,,,
img_3bxjb.png,bedrooms,10,1,oddball,old,3,,,,,,,,,,,
hafeez-popoola-HJA1H6RbekA-unsplash_resized.jpg,target,0,1,oddball,old,3,,,,,,,,,,,
img_z3yzz.png,bedrooms,5,1,oddball,old,3,,,,,,,,,,,
img_ldof4.png,bedrooms,1,1,oddball,old,3,,,,,,,,,,,
lotus-design-n-print-8WG4EXvdM4M-unsplash_resized.jpg,nontarget,0,1,oddball,old,3,,,,,,,,,,,
img_ycgfe.png,bedrooms,9,1,oddball,old,3,,,,,,,,,,,
franki-chamaki-GFPcR7N5CCE-unsplash_resized.jpg,target,0,1,oddball,old,3,,,,,,,,,,,
img_qbdgm.png,bedrooms,7,1,oddball,old,3,,,,,,,,,,,
francesca-tosolini-kDtuOUIkwrk-unsplash_resized.jpg,nontarget,0,1,oddball,old,3,,,,,,,,,,,
img_cogrz.png,bedrooms,3,1,oddball,old,3,,,,,,,,,,,
lotus-design-n-print-g51F6-WYzyU-unsplash_resized.jpg,nontarget,0,1,oddball,old,3,,,,,,,,,,,
img_71mhq.png,bedrooms,5,1,memory,old,3,,,,,,,,,,,
img_4wq98.png,bedrooms,7,1,memory,old,3,,,,,,,,,,,
img_l1h36.png,bedrooms,1,1,memory,new,3,,,,,,,,,,,
img_dkqas.png,bedrooms,7,1,memory,old,3,,,,,,,,,,,
img_5p2ql.png,bedrooms,10,1,memory,old,3,,,,,,,,,,,
img_v8dra.png,bedrooms,3,1,memory,old,3,,,,,,,,,,,
img_ktg8p.png,bedrooms,1,1,memory,new,3,,,,,,,,,,,
img_3bxjb.png,bedrooms,10,1,memory,old,3,,,,,,,,,,,
img_w1hql.png,bedrooms,9,1,memory,new,3,,,,,,,,,,,
img_d7iri.png,bedrooms,9,1,memory,old,3,,,,,,,,,,,
img_s044n.png,bedrooms,9,1,memory,new,3,,,,,,,,,,,
img_os89g.png,bedrooms,9,1,memory,old,3,,,,,,,,,,,
img_ys3qz.png,bedrooms,2,1,memory,old,3,,,,,,,,,,,
img_nv5xw.png,bedrooms,9,1,memory,new,3,,,,,,,,,,,
img_n3xxp.png,bedrooms,1,1,memory,new,3,,,,,,,,,,,
img_9z99v.png,bedrooms,8,1,memory,old,3,,,,,,,,,,,
img_fqgem.png,bedrooms,8,1,memory,old,3,,,,,,,,,,,
img_fl5cd.png,bedrooms,10,1,memory,old,3,,,,,,,,,,,
img_npkd5.png,bedrooms,9,1,memory,new,3,,,,,,,,,,,
img_g2akb.png,bedrooms,10,1,memory,old,3,,,,,,,,,,,
img_yteqw.png,bedrooms,4,1,memory,old,3,,,,,,,,,,,
img_otfo3.png,bedrooms,1,1,memory,new,3,,,,,,,,,,,
img_aki78.png,bedrooms,10,1,memory,new,3,,,,,,,,,,,
img_gqy6z.png,bedrooms,9,1,memory,old,3,,,,,,,,,,,
img_2js6m.png,bedrooms,2,1,memory,old,3,,,,,,,,,,,
img_ilxas.png,bedrooms,10,1,memory,new,3,,,,,,,,,,,
img_clbu4.png,bedrooms,10,1,memory,new,3,,,,,,,,,,,
img_h0px5.png,bedrooms,9,1,memory,old,3,,,,,,,,,,,
img_z3yzz.png,bedrooms,5,1,memory,old,3,,,,,,,,,,,
img_okvvw.png,bedrooms,2,1,memory,new,3,,,,,,,,,,,
img_5k4cy.png,bedrooms,9,1,memory,new,3,,,,,,,,,,,
img_q9a89.png,bedrooms,9,1,memory,new,3,,,,,,,,,,,
img_w5vvu.png,bedrooms,9,1,memory,new,3,,,,,,,,,,,
img_aki78.png,bedrooms,10,1,memory,new,3,,,,,,,,,,,
img_c2pbs.png,bedrooms,1,1,memory,new,3,,,,,,,,,,,
img_izc5x.png,bedrooms,9,1,memory,old,3,,,,,,,,,,,
img_fbihy.png,bedrooms,2,1,memory,old,3,,,,,,,,,,,
img_35zbz.png,bedrooms,9,1,memory,new,3,,,,,,,,,,,
img_91ht8.png,bedrooms,10,1,memory,new,3,,,,,,,,,,,
img_cgdyc.png,bedrooms,1,1,memory,new,3,,,,,,,,,,,
img_gym7g.png,bedrooms,10,1,memory,new,3,,,,,,,,,,,
img_7caxh.png,bedrooms,8,1,memory,old,3,,,,,,,,,,,
img_swcci.png,bedrooms,2,1,memory,new,3,,,,,,,,,,,
img_bntrh.png,bedrooms,6,1,memory,old,3,,,,,,,,,,,
img_ldof4.png,bedrooms,1,1,memory,old,3,,,,,,,,,,,
img_e26ut.png,bedrooms,8,1,memory,old,3,,,,,,,,,,,
img_le8uf.png,bedrooms,1,1,memory,new,3,,,,,,,,,,,
img_psgf7.png,bedrooms,1,1,memory,new,3,,,,,,,,,,,
img_zgg62.png,bedrooms,8,1,memory,old,3,,,,,,,,,,,
img_ca8kd.png,bedrooms,10,1,memory,old,3,,,,,,,,,,,
img_jivhq.png,bedrooms,2,1,memory,old,3,,,,,,,,,,,
img_zzb9f.png,bedrooms,10,1,memory,old,3,,,,,,,,,,,
img_m4w0y.png,bedrooms,10,1,memory,new,3,,,,,,,,,,,
img_xdbq1.png,bedrooms,10,1,memory,new,3,,,,,,,,,,,
img_28eqs.png,bedrooms,1,1,memory,new,3,,,,,,,,,,,
img_0nckg.png,bedrooms,4,1,memory,old,3,,,,,,,,,,,
img_5ewoj.png,bedrooms,10,1,memory,new,3,,,,,,,,,,,
img_yju0d.png,bedrooms,9,1,memory,new,3,,,,,,,,,,,
img_i0its.png,bedrooms,9,1,memory,new,3,,,,,,,,,,,
img_3h4c9.png,bedrooms,9,1,memory,old,3,,,,,,,,,,,
img_ycgfe.png,bedrooms,9,1,memory,old,3,,,,,,,,,,,
img_gzbdr.png,bedrooms,1,1,memory,new,3,,,,,,,,,,,
img_cust8.png,bedrooms,10,1,memory,new,3,,,,,,,,,,,
img_3a2r2.png,bedrooms,10,1,memory,new,3,,,,,,,,,,,
img_xilm6.png,bedrooms,9,1,memory,new,3,,,,,,,,,,,
img_h0hbk.png,bedrooms,9,1,memory,old,3,,,,,,,,,,,
img_qbdgm.png,bedrooms,7,1,memory,old,3,,,,,,,,,,,
img_u1rxv.png,bedrooms,6,1,memory,old,3,,,,,,,,,,,
img_cvyc3.png,bedrooms,10,1,memory,new,3,,,,,,,,,,,
img_d5947.png,bedrooms,10,1,memory,new,3,,,,,,,,,,,
img_ose78.png,bedrooms,8,1,memory,old,3,,,,,,,,,,,
img_7os7q.png,bedrooms,3,1,memory,old,3,,,,,,,,,,,
img_wyctg.png,bedrooms,1,1,memory,old,3,,,,,,,,,,,
img_91csq.png,bedrooms,2,1,memory,new,3,,,,,,,,,,,
img_oou46.png,bedrooms,6,1,memory,old,3,,,,,,,,,,,
img_scrdm.png,bedrooms,7,1,memory,old,3,,,,,,,,,,,
img_ymgcb.png,bedrooms,8,1,memory,old,3,,,,,,,,,,,
img_kzg3h.png,bedrooms,7,1,memory,old,3,,,,,,,,,,,
img_lzix2.png,bedrooms,9,1,memory,new,3,,,,,,,,,,,
img_65cdi.png,bedrooms,2,1,memory,new,3,,,,,,,,,,,
img_47k1j.png,bedrooms,4,1,memory,old,3,,,,,,,,,,,
img_kkqxu.png,bedrooms,10,1,memory,new,3,,,,,,,,,,,
img_zt893.png,bedrooms,5,1,memory,old,3,,,,,,,,,,,
img_3a2r2.png,bedrooms,10,1,memory,new,3,,,,,,,,,,,
img_i84x0.png,bedrooms,9,1,memory,new,3,,,,,,,,,,,
img_mbdnp.png,bedrooms,10,1,memory,new,3,,,,,,,,,,,
img_a8y4y.png,bedrooms,6,1,memory,old,3,,,,,,,,,,,
img_ogcv5.png,bedrooms,10,1,memory,new,3,,,,,,,,,,,
img_kn0we.png,bedrooms,7,1,memory,old,3,,,,,,,,,,,
img_qdry3.png,bedrooms,10,1,memory,new,3,,,,,,,,,,,
img_i7vab.png,bedrooms,9,1,memory,old,3,,,,,,,,,,,
img_ze7ns.png,bedrooms,2,1,memory,new,3,,,,,,,,,,,
img_cogrz.png,bedrooms,3,1,memory,old,3,,,,,,,,,,,
img_088sa.png,bedrooms,4,1,memory,old,3,,,,,,,,,,,
img_ik9n7.png,bedrooms,9,1,memory,new,3,,,,,,,,,,,
img_c4uwt.png,bedrooms,2,1,memory,new,3,,,,,,,,,,,
ella-IpZHInMoYm4-unsplash_resized.jpg,target,0,2,oddball,old,2,,,,,,,,,,,
img_9mcah.png,kitchens,3,2,oddball,old,2,,,,,,,,,,,
img_ikk62.png,kitchens,1,2,oddball,old,2,,,,,,,,,,,
img_7wul8.png,kitchens,1,2,oddball,old,2,,,,,,,,,,,
dmitriy-frantsev-36ofMxq8yXo-unsplash_resized.jpg,nontarget,0,2,oddball,old,2,,,,,,,,,,,
img_hfz8w.png,kitchens,2,2,oddball,old,2,,,,,,,,,,,
img_di49w.png,kitchens,6,2,oddball,old,2,,,,,,,,,,,
img_t90e2.png,kitchens,9,2,oddball,old,2,,,,,,,,,,,
bilal-mansuri-cxpB9IPVjDM-unsplash_resized.jpg,nontarget,0,2,oddball,old,2,,,,,,,,,,,
img_2b8fp.png,kitchens,6,2,oddball,old,2,,,,,,,,,,,
img_1ao2d.png,kitchens,1,2,oddball,old,2,,,,,,,,,,,
dan-counsell-CQeKvOTrGuQ-unsplash_resized.jpg,nontarget,0,2,oddball,old,2,,,,,,,,,,,
img_2d3c2.png,kitchens,10,2,oddball,old,2,,,,,,,,,,,
chastity-cortijo-6TY_WrJTwSI-unsplash_resized.jpg,nontarget,0,2,oddball,old,2,,,,,,,,,,,
img_ce9vx.png,kitchens,7,2,oddball,old,2,,,,,,,,,,,
chastity-cortijo-FJLoqqIsSHc-unsplash_resized.jpg,nontarget,0,2,oddball,old,2,,,,,,,,,,,
img_mgnmm.png,kitchens,8,2,oddball,old,2,,,,,,,,,,,
enis-yavuz-yy4rMNaL6fw-unsplash_resized.jpg,nontarget,0,2,oddball,old,2,,,,,,,,,,,
img_s9are.png,kitchens,10,2,oddball,old,2,,,,,,,,,,,
img_y5xn1.png,kitchens,9,2,oddball,old,2,,,,,,,,,,,
erik-mclean-SX7lS9IIk-E-unsplash_resized.jpg,nontarget,0,2,oddball,old,2,,,,,,,,,,,
img_01w8b.png,kitchens,8,2,oddball,old,2,,,,,,,,,,,
img_lpj57.png,kitchens,6,2,oddball,old,2,,,,,,,,,,,
bilal-mansuri-vTj_dmFGB1Y-unsplash_resized.jpg,nontarget,0,2,oddball,old,2,,,,,,,,,,,
img_ps986.png,kitchens,10,2,oddball,old,2,,,,,,,,,,,
diykaree-OyRjW9n_p4s-unsplash_resized.jpg,target,0,2,oddball,old,2,,,,,,,,,,,
img_cv9qj.png,kitchens,3,2,oddball,old,2,,,,,,,,,,,
ella-goPJNof-yYc-unsplash_resized.jpg,target,0,2,oddball,old,2,,,,,,,,,,,
img_fhm45.png,kitchens,7,2,oddball,old,2,,,,,,,,,,,
chuttersnap-ktdmaxlkKtI-unsplash_resized.jpg,target,0,2,oddball,old,2,,,,,,,,,,,
img_xguy9.png,kitchens,7,2,oddball,old,2,,,,,,,,,,,
egor-litvinov-ncKxCn5SI3A-unsplash_resized.jpg,target,0,2,oddball,old,2,,,,,,,,,,,
img_mjxmq.png,kitchens,7,2,oddball,old,2,,,,,,,,,,,
img_7ed9m.png,kitchens,8,2,oddball,old,2,,,,,,,,,,,
deric-yu-dTOWrT0Rkgk-unsplash_resized.jpg,target,0,2,oddball,old,2,,,,,,,,,,,
img_uwv6y.png,kitchens,8,2,oddball,old,2,,,,,,,,,,,
img_8fpog.png,kitchens,10,2,oddball,old,2,,,,,,,,,,,
chastity-cortijo-80c0YaiSFk4-unsplash_resized.jpg,nontarget,0,2,oddball,old,2,,,,,,,,,,,
img_qihxi.png,kitchens,7,2,oddball,old,2,,,,,,,,,,,
claudio-schwarz-LoelYE8uw7I-unsplash_resized.jpg,target,0,2,oddball,old,2,,,,,,,,,,,
img_qmand.png,kitchens,10,2,oddball,old,2,,,,,,,,,,,
img_kwxq1.png,kitchens,4,2,oddball,old,2,,,,,,,,,,,
img_g7870.png,kitchens,4,2,oddball,old,2,,,,,,,,,,,
condo-3499679_1920_resized.jpg,nontarget,0,2,oddball,old,2,,,,,,,,,,,
img_oz18d.png,kitchens,8,2,oddball,old,2,,,,,,,,,,,
fahmi-huwaidy-nTTWXL_dMW8-unsplash_resized.jpg,target,0,2,oddball,old,2,,,,,,,,,,,
img_xdhz2.png,kitchens,3,2,oddball,old,2,,,,,,,,,,,
filios-sazeides-qeIuFR5vPm8-unsplash_resized.jpg,nontarget,0,2,oddball,old,2,,,,,,,,,,,
img_3tnh4.png,kitchens,8,2,oddball,old,2,,,,,,,,,,,
img_c0me7.png,kitchens,4,2,oddball,old,2,,,,,,,,,,,
img_inqod.png,kitchens,5,2,oddball,old,2,,,,,,,,,,,
img_7ucnr.png,kitchens,5,2,oddball,old,2,,,,,,,,,,,
francesca-tosolini-FX1EbT-jKBQ-unsplash_resized.jpg,nontarget,0,2,oddball,old,2,,,,,,,,,,,
img_ub9nn.png,kitchens,8,2,oddball,old,2,,,,,,,,,,,
demi-kyu-gZPDNM0VfO8-unsplash_resized.jpg,target,0,2,oddball,old,2,,,,,,,,,,,
img_0j24m.png,kitchens,3,2,oddball,old,2,,,,,,,,,,,
ella-VLopeFqjFf8-unsplash_resized.jpg,target,0,2,oddball,old,2,,,,,,,,,,,
img_jzjqz.png,kitchens,10,2,oddball,old,2,,,,,,,,,,,
dillon-kydd-sdGHxl9DZqw-unsplash_resized.jpg,target,0,2,oddball,old,2,,,,,,,,,,,
img_xesl0.png,kitchens,5,2,oddball,old,2,,,,,,,,,,,
cameron-smith-CTxNVSiWZBw-unsplash_resized.jpg,nontarget,0,2,oddball,old,2,,,,,,,,,,,
img_nzqfw.png,kitchens,10,2,oddball,old,2,,,,,,,,,,,
img_a8wvq.png,kitchens,10,2,oddball,old,2,,,,,,,,,,,
filmreal-studio-HQYmdYCXm7I-unsplash_resized.jpg,nontarget,0,2,oddball,old,2,,,,,,,,,,,
img_uegbb.png,kitchens,8,2,oddball,old,2,,,,,,,,,,,
eduardo-soares-e4EmPx91Aj4-unsplash_resized.jpg,target,0,2,oddball,old,2,,,,,,,,,,,
img_iyxnj.png,kitchens,6,2,oddball,old,2,,,,,,,,,,,
damla-ozkan-psy-nI3562c-unsplash_resized.jpg,target,0,2,oddball,old,2,,,,,,,,,,,
img_463mq.png,kitchens,2,2,oddball,old,2,,,,,,,,,,,
img_r77yy.png,kitchens,9,2,oddball,old,2,,,,,,,,,,,
chastity-cortijo-rT0zaQn2r5o-unsplash_resized.jpg,nontarget,0,2,oddball,old,2,,,,,,,,,,,
img_d8xbu.png,kitchens,10,2,oddball,old,2,,,,,,,,,,,
eduardo-soares-ouNWk-_iTmM-unsplash_resized.jpg,target,0,2,oddball,old,2,,,,,,,,,,,
img_yeh72.png,kitchens,4,2,oddball,old,2,,,,,,,,,,,
denis-wcUoMU_g2to-unsplash_resized.jpg,target,0,2,oddball,old,2,,,,,,,,,,,
img_ensho.png,kitchens,6,2,oddball,old,2,,,,,,,,,,,
img_qmgwq.png,kitchens,9,2,oddball,old,2,,,,,,,,,,,
daria-strategy-BMnX7L9G5xc-unsplash_resized.jpg,target,0,2,oddball,old,2,,,,,,,,,,,
img_uy1n4.png,kitchens,7,2,oddball,old,2,,,,,,,,,,,
colin-watts-fpcsSULC1E8-unsplash_resized.jpg,nontarget,0,2,oddball,old,2,,,,,,,,,,,
img_yeh72.png,kitchens,4,2,memory,old,2,,,,,,,,,,,
img_s9are.png,kitchens,10,2,memory,old,2,,,,,,,,,,,
img_l3yc8.png,kitchens,8,2,memory,new,2,,,,,,,,,,,
img_g7870.png,kitchens,4,2,memory,old,2,,,,,,,,,,,
img_1ao2d.png,kitchens,1,2,memory,old,2,,,,,,,,,,,
img_0j24m.png,kitchens,3,2,memory,old,2,,,,,,,,,,,
img_lpj57.png,kitchens,6,2,memory,old,2,,,,,,,,,,,
img_lvuz8.png,kitchens,8,2,memory,new,2,,,,,,,,,,,
img_mr7a9.png,kitchens,8,2,memory,new,2,,,,,,,,,,,
img_7ucnr.png,kitchens,5,2,memory,old,2,,,,,,,,,,,
img_owq46.png,kitchens,9,2,memory,new,2,,,,,,,,,,,
img_ay56d.png,kitchens,8,2,memory,new,2,,,,,,,,,,,
img_t90e2.png,kitchens,9,2,memory,old,2,,,,,,,,,,,
img_2d3c2.png,kitchens,10,2,memory,old,2,,,,,,,,,,,
img_1vukv.png,kitchens,7,2,memory,new,2,,,,,,,,,,,
img_inqod.png,kitchens,5,2,memory,old,2,,,,,,,,,,,
img_8zf2f.png,kitchens,8,2,memory,new,2,,,,,,,,,,,
img_nzqfw.png,kitchens,10,2,memory,old,2,,,,,,,,,,,
img_1ibl4.png,kitchens,8,2,memory,new,2,,,,,,,,,,,
img_ensho.png,kitchens,6,2,memory,old,2,,,,,,,,,,,
img_048l0.png,kitchens,7,2,memory,new,2,,,,,,,,,,,
img_h9y8n.png,kitchens,9,2,memory,new,2,,,,,,,,,,,
img_pt3d7.png,kitchens,4,2,memory,new,2,,,,,,,,,,,
img_c79r7.png,kitchens,2,2,memory,new,2,,,,,,,,,,,
img_01w8b.png,kitchens,8,2,memory,old,2,,,,,,,,,,,
img_3tnh4.png,kitchens,8,2,memory,old,2,,,,,,,,,,,
img_3gm8h.png,kitchens,4,2,memory,new,2,,,,,,,,,,,
img_91lbx.png,kitchens,3,2,memory,new,2,,,,,,,,,,,
img_7ed9m.png,kitchens,8,2,memory,old,2,,,,,,,,,,,
img_owg3e.png,kitchens,9,2,memory,new,2,,,,,,,,,,,
img_5949k.png,kitchens,3,2,memory,new,2,,,,,,,,,,,
img_4s67y.png,kitchens,8,2,memory,new,2,,,,,,,,,,,
img_oz18d.png,kitchens,8,2,memory,old,2,,,,,,,,,,,
img_hfz8w.png,kitchens,2,2,memory,old,2,,,,,,,,,,,
img_9mcah.png,kitchens,3,2,memory,old,2,,,,,,,,,,,
img_rsq73.png,kitchens,8,2,memory,new,2,,,,,,,,,,,
img_4ufga.png,kitchens,4,2,memory,new,2,,,,,,,,,,,
img_di49w.png,kitchens,6,2,memory,old,2,,,,,,,,,,,
img_xguy9.png,kitchens,7,2,memory,old,2,,,,,,,,,,,
img_mgnmm.png,kitchens,8,2,memory,old,2,,,,,,,,,,,
img_bwo9g.png,kitchens,4,2,memory,new,2,,,,,,,,,,,
img_l9t30.png,kitchens,4,2,memory,new,2,,,,,,,,,,,
img_1s8dl.png,kitchens,7,2,memory,new,2,,,,,,,,,,,
img_ye5sl.png,kitchens,2,2,memory,new,2,,,,,,,,,,,
img_r77yy.png,kitchens,9,2,memory,old,2,,,,,,,,,,,
img_ps986.png,kitchens,10,2,memory,old,2,,,,,,,,,,,
img_8fpog.png,kitchens,10,2,memory,old,2,,,,,,,,,,,
img_uwv6y.png,kitchens,8,2,memory,old,2,,,,,,,,,,,
img_mjxmq.png,kitchens,7,2,memory,old,2,,,,,,,,,,,
img_ikk62.png,kitchens,1,2,memory,old,2,,,,,,,,,,,
img_07tdb.png,kitchens,8,2,memory,new,2,,,,,,,,,,,
img_h1yyu.png,kitchens,4,2,memory,new,2,,,,,,,,,,,
img_kwxq1.png,kitchens,4,2,memory,old,2,,,,,,,,,,,
img_7mqbh.png,kitchens,9,2,memory,new,2,,,,,,,,,,,
img_ub9nn.png,kitchens,8,2,memory,old,2,,,,,,,,,,,
img_a8wvq.png,kitchens,10,2,memory,old,2,,,,,,,,,,,
img_y5xn1.png,kitchens,9,2,memory,old,2,,,,,,,,,,,
img_diq9d.png,kitchens,9,2,memory,new,2,,,,,,,,,,,
img_2b8fp.png,kitchens,6,2,memory,old,2,,,,,,,,,,,
img_iyxnj.png,kitchens,6,2,memory,old,2,,,,,,,,,,,
img_qihxi.png,kitchens,7,2,memory,old,2,,,,,,,,,,,
img_13ymo.png,kitchens,8,2,memory,new,2,,,,,,,,,,,
img_xesl0.png,kitchens,5,2,memory,old,2,,,,,,,,,,,
img_c0me7.png,kitchens,4,2,memory,old,2,,,,,,,,,,,
img_cv9qj.png,kitchens,3,2,memory,old,2,,,,,,,,,,,
img_1r2ri.png,kitchens,3,2,memory,new,2,,,,,,,,,,,
img_wyl6z.png,kitchens,3,2,memory,new,2,,,,,,,,,,,
img_xdhz2.png,kitchens,3,2,memory,old,2,,,,,,,,,,,
img_7wul8.png,kitchens,1,2,memory,old,2,,,,,,,,,,,
img_qmgwq.png,kitchens,9,2,memory,old,2,,,,,,,,,,,
img_es115.png,kitchens,8,2,memory,new,2,,,,,,,,,,,
img_fq6gu.png,kitchens,9,2,memory,new,2,,,,,,,,,,,
img_uy1n4.png,kitchens,7,2,memory,old,2,,,,,,,,,,,
img_epedy.png,kitchens,8,2,memory,new,2,,,,,,,,,,,
img_3a6lc.png,kitchens,7,2,memory,new,2,,,,,,,,,,,
img_56f8c.png,kitchens,8,2,memory,new,2,,,,,,,,,,,
img_uegbb.png,kitchens,8,2,memory,old,2,,,,,,,,,,,
img_aplao.png,kitchens,3,2,memory,new,2,,,,,,,,,,,
img_93vg8.png,kitchens,8,2,memory,new,2,,,,,,,,,,,
img_ce9vx.png,kitchens,7,2,memory,old,2,,,,,,,,,,,
img_a2mx2.png,kitchens,8,2,memory,new,2,,,,,,,,,,,
img_463mq.png,kitchens,2,2,memory,old,2,,,,,,,,,,,
img_qmand.png,kitchens,10,2,memory,old,2,,,,,,,,,,,
img_58n4j.png,kitchens,8,2,memory,new,2,,,,,,,,,,,
img_rf540.png,kitchens,8,2,memory,new,2,,,,,,,,,,,
img_jzjqz.png,kitchens,10,2,memory,old,2,,,,,,,,,,,
img_552an.png,kitchens,8,2,memory,new,2,,,,,,,,,,,
img_i3eml.png,kitchens,8,2,memory,new,2,,,,,,,,,,,
img_cv6mf.png,kitchens,4,2,memory,new,2,,,,,,,,,,,
img_fhm45.png,kitchens,7,2,memory,old,2,,,,,,,,,,,
img_bp226.png,kitchens,9,2,memory,new,2,,,,,,,,,,,
img_d8xbu.png,kitchens,10,2,memory,old,2,,,,,,,,,,,
img_jlw8j.png,kitchens,9,2,memory,new,2,,,,,,,,,,,
img_d0k76.png,kitchens,4,2,memory,new,2,,,,,,,,,,,
img_5ovr5.png,kitchens,8,2,memory,new,2,,,,,,,,,,,
img_esb4r.png,kitchens,3,2,memory,new,2,,,,,,,,,,,
pexels-heyho-7546640_resized.jpg,nontarget,0,2,oddball,old,6,,,,,,,,,,,
img_swq34.png,living_rooms,5,2,oddball,old,6,,,,,,,,,,,
img_wgkqa.png,living_rooms,10,2,oddball,old,6,,,,,,,,,,,
pexels-heyho-7546320_resized.jpg,nontarget,0,2,oddball,old,6,,,,,,,,,,,
img_3m61b.png,living_rooms,8,2,oddball,old,6,,,,,,,,,,,
img_kq9s9.png,living_rooms,4,2,oddball,old,6,,,,,,,,,,,
pexels-hhaa-16211537_resized.jpg,target,0,2,oddball,old,6,,,,,,,,,,,
img_8297a.png,living_rooms,10,2,oddball,old,6,,,,,,,,,,,
pexels-heyho-7166551_resized.jpg,nontarget,0,2,oddball,old,6,,,,,,,,,,,
img_of8d6.png,living_rooms,1,2,oddball,old,6,,,,,,,,,,,
pexels-heyho-7214446_resized.jpg,nontarget,0,2,oddball,old,6,,,,,,,,,,,
img_3ze38.png,living_rooms,2,2,oddball,old,6,,,,,,,,,,,
pexels-ryutaro-5473023_resized.jpg,target,0,2,oddball,old,6,,,,,,,,,,,
img_o30wb.png,living_rooms,8,2,oddball,old,6,,,,,,,,,,,
pexels-violetta-ramonaite-3104880-6865456_resized.jpg,target,0,2,oddball,old,6,,,,,,,,,,,
img_q9lab.png,living_rooms,3,2,oddball,old,6,,,,,,,,,,,
pexels-kenzero14-21582447_resized.jpg,target,0,2,oddball,old,6,,,,,,,,,,,
img_5tr4v.png,living_rooms,4,2,oddball,old,6,,,,,,,,,,,
pexels-ian-panelo-7451961_resized.jpg,target,0,2,oddball,old,6,,,,,,,,,,,
img_pey7u.png,living_rooms,1,2,oddball,old,6,,,,,,,,,,,
pexels-markus-winkler-1430818-12081286_resized.jpg,target,0,2,oddball,old,6,,,,,,,,,,,
img_b21d7.png,living_rooms,1,2,oddball,old,6,,,,,,,,,,,
pexels-heyho-7166936_resized.jpg,nontarget,0,2,oddball,old,6,,,,,,,,,,,
img_g40qa.png,living_rooms,10,2,oddball,old,6,,,,,,,,,,,
img_rych7.png,living_rooms,2,2,oddball,old,6,,,,,,,,,,,
img_x9w7o.png,living_rooms,10,2,oddball,old,6,,,,,,,,,,,
pexels-violetta-ramonaite-3104880-6865456 (1)_resized.jpg,target,0,2,oddball,old,6,,,,,,,,,,,
img_jpjeg.png,living_rooms,10,2,oddball,old,6,,,,,,,,,,,
pexels-heyho-7227624_resized.jpg,nontarget,0,2,oddball,old,6,,,,,,,,,,,
img_ra2nm.png,living_rooms,6,2,oddball,old,6,,,,,,,,,,,
img_tujn3.png,living_rooms,8,2,oddball,old,6,,,,,,,,,,,
pexels-heyho-8143713_resized.jpg,nontarget,0,2,oddball,old,6,,,,,,,,,,,
img_lpas9.png,living_rooms,4,2,oddball,old,6,,,,,,,,,,,
pexels-noviana-28670063_resized.jpg,target,0,2,oddball,old,6,,,,,,,,,,,
img_tbs4n.png,living_rooms,7,2,oddball,old,6,,,,,,,,,,,
img_rg4in.png,living_rooms,3,2,oddball,old,6,,,,,,,,,,,
pexels-heyho-7545781_resized.jpg,nontarget,0,2,oddball,old,6,,,,,,,,,,,
img_t3d7r.png,living_rooms,10,2,oddball,old,6,,,,,,,,,,,
pexels-prolificpeople-29834274_resized.jpg,target,0,2,oddball,old,6,,,,,,,,,,,
img_jpldg.png,living_rooms,7,2,oddball,old,6,,,,,,,,,,,
pexels-lifeofnacchi-4124939_resized.jpg,target,0,2,oddball,old,6,,,,,,,,,,,
img_vnxft.png,living_rooms,3,2,oddball,old,6,,,,,,,,,,,
img_b17ma.png,living_rooms,1,2,oddball,old,6,,,,,,,,,,,
img_tv8e2.png,living_rooms,6,2,oddball,old,6,,,,,,,,,,,
pexels-itsterrymag-2988865_resized.jpg,nontarget,0,2,oddball,old,6,,,,,,,,,,,
img_3fldm.png,living_rooms,10,2,oddball,old,6,,,,,,,,,,,
img_dg5h7.png,living_rooms,10,2,oddball,old,6,,,,,,,,,,,
pexels-heyho-8134810_resized.jpg,nontarget,0,2,oddball,old,6,,,,,,,,,,,
img_di6f0.png,living_rooms,10,2,oddball,old,6,,,,,,,,,,,
pexels-ian-panelo-7451955_resized.jpg,target,0,2,oddball,old,6,,,,,,,,,,,
img_hc49v.png,living_rooms,6,2,oddball,old,6,,,,,,,,,,,
pexels-pixabay-262005_resized.jpg,nontarget,0,2,oddball,old,6,,,,,,,,,,,
img_89dvt.png,living_rooms,8,2,oddball,old,6,,,,,,,,,,,
pexels-heyho-8141966_resized.jpg,nontarget,0,2,oddball,old,6,,,,,,,,,,,
img_f63yi.png,living_rooms,9,2,oddball,old,6,,,,,,,,,,,
img_vg73h.png,living_rooms,10,2,oddball,old,6,,,,,,,,,,,
pexels-heyho-8134822_resized.jpg,nontarget,0,2,oddball,old,6,,,,,,,,,,,
img_wixv2.png,living_rooms,2,2,oddball,old,6,,,,,,,,,,,
pexels-violetta-ramonaite-3104880-6715531_resized.jpg,target,0,2,oddball,old,6,,,,,,,,,,,
img_a9he3.png,living_rooms,8,2,oddball,old,6,,,,,,,,,,,
img_165pk.png,living_rooms,9,2,oddball,old,6,,,,,,,,,,,
img_g9od8.png,living_rooms,4,2,oddball,old,6,,,,,,,,,,,
img_qrc78.png,living_rooms,7,2,oddball,old,6,,,,,,,,,,,
pexels-planka-28907758_resized.jpg,target,0,2,oddball,old,6,,,,,,,,,,,
img_emh91.png,living_rooms,8,2,oddball,old,6,,,,,,,,,,,
pexels-pixabay-358592_resized.jpg,nontarget,0,2,oddball,old,6,,,,,,,,,,,
img_c89x3.png,living_rooms,6,2,oddball,old,6,,,,,,,,,,,
img_abobq.png,living_rooms,6,2,oddball,old,6,,,,,,,,,,,
pexels-jvdm-1599790_resized.jpg,nontarget,0,2,oddball,old,6,,,,,,,,,,,
img_vh7v8.png,living_rooms,7,2,oddball,old,6,,,,,,,,,,,
pexels-wellington-fernandes-319600131-30505134_resized.jpg,target,0,2,oddball,old,6,,,,,,,,,,,
img_lzz3x.png,living_rooms,1,2,oddball,old,6,,,,,,,,,,,
img_xu1p3.png,living_rooms,7,2,oddball,old,6,,,,,,,,,,,
pexels-yess-nakrani-264147511-18139921_resized.jpg,target,0,2,oddball,old,6,,,,,,,,,,,
img_qdln8.png,living_rooms,9,2,oddball,old,6,,,,,,,,,,,
img_pdzf1.png,living_rooms,9,2,oddball,old,6,,,,,,,,,,,
pexels-ryutaro-5473030_resized.jpg,target,0,2,oddball,old,6,,,,,,,,,,,
img_9684y.png,living_rooms,7,2,oddball,old,6,,,,,,,,,,,
pexels-heyho-7587746_resized.jpg,nontarget,0,2,oddball,old,6,,,,,,,,,,,
img_0jzz7.png,living_rooms,9,2,oddball,old,6,,,,,,,,,,,
img_4o8l0.png,living_rooms,3,2,memory,new,6,,,,,,,,,,,
img_wgddx.png,living_rooms,3,2,memory,new,6,,,,,,,,,,,
img_jkm86.png,living_rooms,4,2,memory,new,6,,,,,,,,,,,
img_xu1p3.png,living_rooms,7,2,memory,old,6,,,,,,,,,,,
img_yosqb.png,living_rooms,3,2,memory,new,6,,,,,,,,,,,
img_v00yc.png,living_rooms,7,2,memory,new,6,,,,,,,,,,,
img_3jnt7.png,living_rooms,3,2,memory,new,6,,,,,,,,,,,
img_o30wb.png,living_rooms,8,2,memory,old,6,,,,,,,,,,,
img_t3d7r.png,living_rooms,10,2,memory,old,6,,,,,,,,,,,
img_tujn3.png,living_rooms,8,2,memory,old,6,,,,,,,,,,,
img_tv8e2.png,living_rooms,6,2,memory,old,6,,,,,,,,,,,
img_5tr4v.png,living_rooms,4,2,memory,old,6,,,,,,,,,,,
img_tbs4n.png,living_rooms,7,2,memory,old,6,,,,,,,,,,,
img_vg73h.png,living_rooms,10,2,memory,old,6,,,,,,,,,,,
img_b21d7.png,living_rooms,1,2,memory,old,6,,,,,,,,,,,
img_eh0no.png,living_rooms,3,2,memory,new,6,,,,,,,,,,,
img_wjjqy.png,living_rooms,8,2,memory,new,6,,,,,,,,,,,
img_1zhz6.png,living_rooms,3,2,memory,new,6,,,,,,,,,,,
img_3ze38.png,living_rooms,2,2,memory,old,6,,,,,,,,,,,
img_qdln8.png,living_rooms,9,2,memory,old,6,,,,,,,,,,,
img_xib79.png,living_rooms,7,2,memory,new,6,,,,,,,,,,,
img_6iqem.png,living_rooms,6,2,memory,new,6,,,,,,,,,,,
img_wgkqa.png,living_rooms,10,2,memory,old,6,,,,,,,,,,,
img_q9lab.png,living_rooms,3,2,memory,old,6,,,,,,,,,,,
img_c89x3.png,living_rooms,6,2,memory,old,6,,,,,,,,,,,
img_g40qa.png,living_rooms,10,2,memory,old,6,,,,,,,,,,,
img_wbws6.png,living_rooms,4,2,memory,new,6,,,,,,,,,,,
img_njhlh.png,living_rooms,4,2,memory,new,6,,,,,,,,,,,
img_a9he3.png,living_rooms,8,2,memory,old,6,,,,,,,,,,,
img_r97z5.png,living_rooms,8,2,memory,new,6,,,,,,,,,,,
img_tj6dy.png,living_rooms,8,2,memory,new,6,,,,,,,,,,,
img_kq9s9.png,living_rooms,4,2,memory,old,6,,,,,,,,,,,
img_kf7vw.png,living_rooms,8,2,memory,new,6,,,,,,,,,,,
img_89dvt.png,living_rooms,8,2,memory,old,6,,,,,,,,,,,
img_753pq.png,living_rooms,6,2,memory,new,6,,,,,,,,,,,
img_sx68r.png,living_rooms,3,2,memory,new,6,,,,,,,,,,,
img_0jzz7.png,living_rooms,9,2,memory,old,6,,,,,,,,,,,
img_emh91.png,living_rooms,8,2,memory,old,6,,,,,,,,,,,
img_vnxft.png,living_rooms,3,2,memory,old,6,,,,,,,,,,,
img_wixv2.png,living_rooms,2,2,memory,old,6,,,,,,,,,,,
img_di6f0.png,living_rooms,10,2,memory,old,6,,,,,,,,,,,
img_9684y.png,living_rooms,7,2,memory,old,6,,,,,,,,,,,
img_w8yhd.png,living_rooms,4,2,memory,new,6,,,,,,,,,,,
img_qrc78.png,living_rooms,7,2,memory,old,6,,,,,,,,,,,
img_vh7v8.png,living_rooms,7,2,memory,old,6,,,,,,,,,,,
img_abobq.png,living_rooms,6,2,memory,old,6,,,,,,,,,,,
img_fejeo.png,living_rooms,8,2,memory,new,6,,,,,,,,,,,
img_g7pt8.png,living_rooms,6,2,memory,new,6,,,,,,,,,,,
img_3m61b.png,living_rooms,8,2,memory,old,6,,,,,,,,,,,
img_pdzf1.png,living_rooms,9,2,memory,old,6,,,,,,,,,,,
img_ok82a.png,living_rooms,7,2,memory,new,6,,,,,,,,,,,
img_ehnxi.png,living_rooms,6,2,memory,new,6,,,,,,,,,,,
img_jpjeg.png,living_rooms,10,2,memory,old,6,,,,,,,,,,,
img_9bkl9.png,living_rooms,3,2,memory,new,6,,,,,,,,,,,
img_ra2nm.png,living_rooms,6,2,memory,old,6,,,,,,,,,,,
img_f63yi.png,living_rooms,9,2,memory,old,6,,,,,,,,,,,
img_xe6fa.png,living_rooms,7,2,memory,new,6,,,,,,,,,,,
img_02alv.png,living_rooms,4,2,memory,new,6,,,,,,,,,,,
img_i64cx.png,living_rooms,7,2,memory,new,6,,,,,,,,,,,
img_lpas9.png,living_rooms,4,2,memory,old,6,,,,,,,,,,,
img_65zmd.png,living_rooms,6,2,memory,new,6,,,,,,,,,,,
img_3fldm.png,living_rooms,10,2,memory,old,6,,,,,,,,,,,
img_rych7.png,living_rooms,2,2,memory,old,6,,,,,,,,,,,
img_rru0v.png,living_rooms,4,2,memory,new,6,,,,,,,,,,,
img_jpldg.png,living_rooms,7,2,memory,old,6,,,,,,,,,,,
img_6a0hu.png,living_rooms,4,2,memory,new,6,,,,,,,,,,,
img_b17ma.png,living_rooms,1,2,memory,old,6,,,,,,,,,,,
img_0kqc0.png,living_rooms,2,2,memory,new,6,,,,,,,,,,,
img_kt81t.png,living_rooms,6,2,memory,new,6,,,,,,,,,,,
img_wwmp0.png,living_rooms,8,2,memory,new,6,,,,,,,,,,,
img_ncy2j.png,living_rooms,6,2,memory,new,6,,,,,,,,,,,
img_8297a.png,living_rooms,10,2,memory,old,6,,,,,,,,,,,
img_hc49v.png,living_rooms,6,2,memory,old,6,,,,,,,,,,,
img_ji4iw.png,living_rooms,8,2,memory,new,6,,,,,,,,,,,
img_r4bih.png,living_rooms,7,2,memory,new,6,,,,,,,,,,,
img_py7rq.png,living_rooms,7,2,memory,new,6,,,,,,,,,,,
img_gnmb6.png,living_rooms,7,2,memory,new,6,,,,,,,,,,,
img_jcisc.png,living_rooms,7,2,memory,new,6,,,,,,,,,,,
img_swq34.png,living_rooms,5,2,memory,old,6,,,,,,,,,,,
img_dh5no.png,living_rooms,7,2,memory,new,6,,,,,,,,,,,
img_g9od8.png,living_rooms,4,2,memory,old,6,,,,,,,,,,,
img_nq3rf.png,living_rooms,8,2,memory,new,6,,,,,,,,,,,
img_rg4in.png,living_rooms,3,2,memory,old,6,,,,,,,,,,,
img_pey7u.png,living_rooms,1,2,memory,old,6,,,,,,,,,,,
img_geavj.png,living_rooms,8,2,memory,new,6,,,,,,,,,,,
img_lzz3x.png,living_rooms,1,2,memory,old,6,,,,,,,,,,,
img_k0m56.png,living_rooms,6,2,memory,new,6,,,,,,,,,,,
img_dg5h7.png,living_rooms,10,2,memory,old,6,,,,,,,,,,,
img_x827l.png,living_rooms,7,2,memory,new,6,,,,,,,,,,,
img_8jy3h.png,living_rooms,7,2,memory,new,6,,,,,,,,,,,
img_x9w7o.png,living_rooms,10,2,memory,old,6,,,,,,,,,,,
img_bendp.png,living_rooms,7,2,memory,new,6,,,,,,,,,,,
img_vad83.png,living_rooms,7,2,memory,new,6,,,,,,,,,,,
img_165pk.png,living_rooms,9,2,memory,old,6,,,,,,,,,,,
img_of8d6.png,living_rooms,1,2,memory,old,6,,,,,,,,,,,
img_b3fi1.png,living_rooms,6,2,memory,new,6,,,,,,,,,,,
julia-anseele-YUzypVCe8WE-unsplash_resized.jpg,target,0,2,oddball,old,4,,,,,,,,,,,
img_rvssl.png,bedrooms,6,2,oddball,old,4,,,,,,,,,,,
pexels-curtis-adams-1694007-14495969_resized.jpg,nontarget,0,2,oddball,old,4,,,,,,,,,,,
img_n9xll.png,bedrooms,7,2,oddball,old,4,,,,,,,,,,,
marques-thomas-8vgsOVj0OfM-unsplash_resized.jpg,target,0,2,oddball,old,4,,,,,,,,,,,
img_0eflx.png,bedrooms,6,2,oddball,old,4,,,,,,,,,,,
img_zi682.png,bedrooms,9,2,oddball,old,4,,,,,,,,,,,
kc-shum-HbJ-mX4gdlg-unsplash_resized.jpg,target,0,2,oddball,old,4,,,,,,,,,,,
img_sfh4b.png,bedrooms,5,2,oddball,old,4,,,,,,,,,,,
nathalia-rosa-rWMIbqmOxrY-unsplash_resized.jpg,target,0,2,oddball,old,4,,,,,,,,,,,
img_ri0yx.png,bedrooms,10,2,oddball,old,4,,,,,,,,,,,
img_d3t0o.png,bedrooms,4,2,oddball,old,4,,,,,,,,,,,
img_awuev.png,bedrooms,2,2,oddball,old,4,,,,,,,,,,,
miquel-parera-ow6DGFDTF7c-unsplash_resized.jpg,target,0,2,oddball,old,4,,,,,,,,,,,
img_badai.png,bedrooms,4,2,oddball,old,4,,,,,,,,,,,
morgan-vander-hart-QICueXvfH3U-unsplash_resized.jpg,target,0,2,oddball,old,4,,,,,,,,,,,
img_x50f8.png,bedrooms,10,2,oddball,old,4,,,,,,,,,,,
img_5m6x4.png,bedrooms,7,2,oddball,old,4,,,,,,,,,,,
pexels-andreaedavis-13757468_resized.jpg,nontarget,0,2,oddball,old,4,,,,,,,,,,,
img_5il0t.png,bedrooms,2,2,oddball,old,4,,,,,,,,,,,
img_a9acb.png,bedrooms,7,2,oddball,old,4,,,,,,,,,,,
pexels-christa-grover-977018-1910472_resized.jpg,nontarget,0,2,oddball,old,4,,,,,,,,,,,
img_6ddrx.png,bedrooms,8,2,oddball,old,4,,,,,,,,,,,
pexels-heyho-6316060_resized.jpg,nontarget,0,2,oddball,old,4,,,,,,,,,,,
img_ic3os.png,bedrooms,9,2,oddball,old,4,,,,,,,,,,,
muhammad-asysyahiid-FmPMjKw14ms-unsplash_resized.jpg,target,0,2,oddball,old,4,,,,,,,,,,,
img_ybbmx.png,bedrooms,3,2,oddball,old,4,,,,,,,,,,,
khuc-le-thanh-danh-gFJRgtzPNVc-unsplash_resized.jpg,target,0,2,oddball,old,4,,,,,,,,,,,
img_die1d.png,bedrooms,6,2,oddball,old,4,,,,,,,,,,,
pexels-curtis-adams-1694007-3935352_resized.jpg,nontarget,0,2,oddball,old,4,,,,,,,,,,,
img_b2jli.png,bedrooms,8,2,oddball,old,4,,,,,,,,,,,
jose-fabula-ryNJ5mqYloo-unsplash_resized.jpg,target,0,2,oddball,old,4,,,,,,,,,,,
img_2pk6v.png,bedrooms,9,2,oddball,old,4,,,,,,,,,,,
img_sltwe.png,bedrooms,5,2,oddball,old,4,,,,,,,,,,,
pexels-fotoaibe-3741317_resized.jpg,nontarget,0,2,oddball,old,4,,,,,,,,,,,
img_md6k3.png,bedrooms,8,2,oddball,old,4,,,,,,,,,,,
img_a2pkp.png,bedrooms,10,2,oddball,old,4,,,,,,,,,,,
michiel-van-kaam-QhbtepGK5Yg-unsplash_resized.jpg,nontarget,0,2,oddball,old,4,,,,,,,,,,,
img_gsfx4.png,bedrooms,3,2,oddball,old,4,,,,,,,,,,,
img_juob3.png,bedrooms,7,2,oddball,old,4,,,,,,,,,,,
minh-pc-PWwdsotPUok-unsplash_resized.jpg,target,0,2,oddball,old,4,,,,,,,,,,,
img_9pfbj.png,bedrooms,10,2,oddball,old,4,,,,,,,,,,,
img_ozxpp.png,bedrooms,1,2,oddball,old,4,,,,,,,,,,,
img_gbypq.png,bedrooms,6,2,oddball,old,4,,,,,,,,,,,
markus-winkler-wRfL8v76gp8-unsplash_resized.jpg,target,0,2,oddball,old,4,,,,,,,,,,,
img_anzgh.png,bedrooms,6,2,oddball,old,4,,,,,,,,,,,
pexels-heyho-6301176_resized.jpg,nontarget,0,2,oddball,old,4,,,,,,,,,,,
img_fnu4h.png,bedrooms,9,2,oddball,old,4,,,,,,,,,,,
img_iqmdm.png,bedrooms,7,2,oddball,old,4,,,,,,,,,,,
img_fea1z.png,bedrooms,7,2,oddball,old,4,,,,,,,,,,,
pexels-curtis-adams-1694007-3288104_resized.jpg,nontarget,0,2,oddball,old,4,,,,,,,,,,,
img_h13c3.png,bedrooms,5,2,oddball,old,4,,,,,,,,,,,
kenny-eliason-SvhXD3kPSTY-unsplash_resized.jpg,target,0,2,oddball,old,4,,,,,,,,,,,
img_f4jxo.png,bedrooms,8,2,oddball,old,4,,,,,,,,,,,
luna-wang-vhiyUm4aGi4-unsplash_resized.jpg,target,0,2,oddball,old,4,,,,,,,,,,,
img_49h18.png,bedrooms,3,2,oddball,old,4,,,,,,,,,,,
img_mdpr4.png,bedrooms,6,2,oddball,old,4,,,,,,,,,,,
kleomenis-spyroglou-SFo3vOgDpTo-unsplash_resized.jpg,target,0,2,oddball,old,4,,,,,,,,,,,
img_d26ik.png,bedrooms,7,2,oddball,old,4,,,,,,,,,,,
img_uxxo0.png,bedrooms,5,2,oddball,old,4,,,,,,,,,,,
kelvin-zyteng-NTdBYpClJJk-unsplash_resized.jpg,target,0,2,oddball,old,4,,,,,,,,,,,
img_5yhyk.png,bedrooms,2,2,oddball,old,4,,,,,,,,,,,
pawel-czerwinski-uOrKsopFGAg-unsplash_resized.jpg,nontarget,0,2,oddball,old,4,,,,,,,,,,,
img_th7xh.png,bedrooms,8,2,oddball,old,4,,,,,,,,,,,
murad-kerimli-N03PjHWOEFA-unsplash_resized.jpg,nontarget,0,2,oddball,old,4,,,,,,,,,,,
img_3kho5.png,bedrooms,2,2,oddball,old,4,,,,,,,,,,,
pexels-hakimsatoso-3634742_resized.jpg,nontarget,0,2,oddball,old,4,,,,,,,,,,,
img_kljj4.png,bedrooms,4,2,oddball,old,4,,,,,,,,,,,
pexels-heyho-6207818_resized.jpg,nontarget,0,2,oddball,old,4,,,,,,,,,,,
img_ce55l.png,bedrooms,8,2,oddball,old,4,,,,,,,,,,,
img_zv0dq.png,bedrooms,6,2,oddball,old,4,,,,,,,,,,,
pexels-fotoaibe-1571462_resized.jpg,nontarget,0,2,oddball,old,4,,,,,,,,,,,
img_d9ogj.png,bedrooms,6,2,oddball,old,4,,,,,,,,,,,
pexels-arina-krasnikova-6653896_resized.jpg,nontarget,0,2,oddball,old,4,,,,,,,,,,,
img_2pnl2.png,bedrooms,1,2,oddball,old,4,,,,,,,,,,,
kenny-n_ihZFYFCGU-unsplash_resized.jpg,target,0,2,oddball,old,4,,,,,,,,,,,
img_q8u19.png,bedrooms,10,2,oddball,old,4,,,,,,,,,,,
img_gv750.png,bedrooms,8,2,oddball,old,4,,,,,,,,,,,
img_8dacu.png,bedrooms,6,2,oddball,old,4,,,,,,,,,,,
pexels-christa-grover-977018-1909791_resized.jpg,nontarget,0,2,oddball,old,4,,,,,,,,,,,
img_f4jxo.png,bedrooms,8,2,memory,old,4,,,,,,,,,,,
img_dmjh8.png,bedrooms,3,2,memory,new,4,,,,,,,,,,,
img_dtieb.png,bedrooms,8,2,memory,new,4,,,,,,,,,,,
img_t4hvr.png,bedrooms,3,2,memory,new,4,,,,,,,,,,,
img_bpgb3.png,bedrooms,8,2,memory,new,4,,,,,,,,,,,
img_kljj4.png,bedrooms,4,2,memory,old,4,,,,,,,,,,,
img_aweye.png,bedrooms,2,2,memory,new,4,,,,,,,,,,,
img_gv750.png,bedrooms,8,2,memory,old,4,,,,,,,,,,,
img_u2o6z.png,bedrooms,3,2,memory,new,4,,,,,,,,,,,
img_bj2gr.png,bedrooms,4,2,memory,new,4,,,,,,,,,,,
img_twj5p.png,bedrooms,4,2,memory,new,4,,,,,,,,,,,
img_qh2z2.png,bedrooms,7,2,memory,new,4,,,,,,,,,,,
img_d9ogj.png,bedrooms,6,2,memory,old,4,,,,,,,,,,,
img_7z2tj.png,bedrooms,8,2,memory,new,4,,,,,,,,,,,
img_a9acb.png,bedrooms,7,2,memory,old,4,,,,,,,,,,,
img_d26ik.png,bedrooms,7,2,memory,old,4,,,,,,,,,,,
img_bdz92.png,bedrooms,4,2,memory,new,4,,,,,,,,,,,
img_x50f8.png,bedrooms,10,2,memory,old,4,,,,,,,,,,,
img_fnopw.png,bedrooms,8,2,memory,new,4,,,,,,,,,,,
img_h2i7r.png,bedrooms,9,2,memory,new,4,,,,,,,,,,,
img_3kho5.png,bedrooms,2,2,memory,old,4,,,,,,,,,,,
img_jfbpi.png,bedrooms,4,2,memory,new,4,,,,,,,,,,,
img_9pfbj.png,bedrooms,10,2,memory,old,4,,,,,,,,,,,
img_r3i5r.png,bedrooms,8,2,memory,new,4,,,,,,,,,,,
img_bflfy.png,bedrooms,9,2,memory,new,4,,,,,,,,,,,
img_q7p8m.png,bedrooms,8,2,memory,new,4,,,,,,,,,,,
img_zi682.png,bedrooms,9,2,memory,old,4,,,,,,,,,,,
img_ce55l.png,bedrooms,8,2,memory,old,4,,,,,,,,,,,
img_h13c3.png,bedrooms,5,2,memory,old,4,,,,,,,,,,,
img_49h18.png,bedrooms,3,2,memory,old,4,,,,,,,,,,,
img_gbypq.png,bedrooms,6,2,memory,old,4,,,,,,,,,,,
img_v0i83.png,bedrooms,8,2,memory,new,4,,,,,,,,,,,
img_cmyvx.png,bedrooms,4,2,memory,new,4,,,,,,,,,,,
img_b2jli.png,bedrooms,8,2,memory,old,4,,,,,,,,,,,
img_88mrj.png,bedrooms,7,2,memory,new,4,,,,,,,,,,,
img_q8u19.png,bedrooms,10,2,memory,old,4,,,,,,,,,,,
img_qgbyn.png,bedrooms,4,2,memory,new,4,,,,,,,,,,,
img_o37la.png,bedrooms,4,2,memory,new,4,,,,,,,,,,,
img_4utvc.png,bedrooms,8,2,memory,new,4,,,,,,,,,,,
img_a2pkp.png,bedrooms,10,2,memory,old,4,,,,,,,,,,,
img_sfh4b.png,bedrooms,5,2,memory,old,4,,,,,,,,,,,
img_5il0t.png,bedrooms,2,2,memory,old,4,,,,,,,,,,,
img_juob3.png,bedrooms,7,2,memory,old,4,,,,,,,,,,,
img_bpyv5.png,bedrooms,3,2,memory,new,4,,,,,,,,,,,
img_ozxpp.png,bedrooms,1,2,memory,old,4,,,,,,,,,,,
img_5m6x4.png,bedrooms,7,2,memory,old,4,,,,,,,,,,,
img_ds88w.png,bedrooms,3,2,memory,new,4,,,,,,,,,,,
img_5yhyk.png,bedrooms,2,2,memory,old,4,,,,,,,,,,,
img_mdpr4.png,bedrooms,6,2,memory,old,4,,,,,,,,,,,
img_0eflx.png,bedrooms,6,2,memory,old,4,,,,,,,,,,,
img_0548r.png,bedrooms,8,2,memory,new,4,,,,,,,,,,,
img_svpek.png,bedrooms,7,2,memory,new,4,,,,,,,,,,,
img_190ub.png,bedrooms,8,2,memory,new,4,,,,,,,,,,,
img_2pnl2.png,bedrooms,1,2,memory,old,4,,,,,,,,,,,
img_fnu4h.png,bedrooms,9,2,memory,old,4,,,,,,,,,,,
img_die1d.png,bedrooms,6,2,memory,old,4,,,,,,,,,,,
img_58ujj.png,bedrooms,8,2,memory,new,4,,,,,,,,,,,
img_gata2.png,bedrooms,8,2,memory,new,4,,,,,,,,,,,
img_34vo5.png,bedrooms,8,2,memory,new,4,,,,,,,,,,,
img_d3t0o.png,bedrooms,4,2,memory,old,4,,,,,,,,,,,
img_tl4pg.png,bedrooms,8,2,memory,new,4,,,,,,,,,,,
img_97f62.png,bedrooms,9,2,memory,new,4,,,,,,,,,,,
img_awuev.png,bedrooms,2,2,memory,old,4,,,,,,,,,,,
img_zv0dq.png,bedrooms,6,2,memory,old,4,,,,,,,,,,,
img_egzbl.png,bedrooms,9,2,memory,new,4,,,,,,,,,,,
img_uxxo0.png,bedrooms,5,2,memory,old,4,,,,,,,,,,,
img_nn7hq.png,bedrooms,8,2,memory,new,4,,,,,,,,,,,
img_badai.png,bedrooms,4,2,memory,old,4,,,,,,,,,,,
img_and1v.png,bedrooms,8,2,memory,new,4,,,,,,,,,,,
img_2dnfy.png,bedrooms,3,2,memory,new,4,,,,,,,,,,,
img_fea1z.png,bedrooms,7,2,memory,old,4,,,,,,,,,,,
img_t0a2l.png,bedrooms,8,2,memory,new,4,,,,,,,,,,,
img_rvssl.png,bedrooms,6,2,memory,old,4,,,,,,,,,,,
img_iqmdm.png,bedrooms,7,2,memory,old,4,,,,,,,,,,,
img_sxyb5.png,bedrooms,7,2,memory,new,4,,,,,,,,,,,
img_krd7g.png,bedrooms,8,2,memory,new,4,,,,,,,,,,,
img_jr212.png,bedrooms,3,2,memory,new,4,,,,,,,,,,,
img_dwe2q.png,bedrooms,9,2,memory,new,4,,,,,,,,,,,
img_8dacu.png,bedrooms,6,2,memory,old,4,,,,,,,,,,,
img_vwrot.png,bedrooms,7,2,memory,new,4,,,,,,,,,,,
img_6ddrx.png,bedrooms,8,2,memory,old,4,,,,,,,,,,,
img_ejfm6.png,bedrooms,8,2,memory,new,4,,,,,,,,,,,
img_ri0yx.png,bedrooms,10,2,memory,old,4,,,,,,,,,,,
img_78fxr.png,bedrooms,9,2,memory,new,4,,,,,,,,,,,
img_th7xh.png,bedrooms,8,2,memory,old,4,,,,,,,,,,,
img_ybbmx.png,bedrooms,3,2,memory,old,4,,,,,,,,,,,
img_md6k3.png,bedrooms,8,2,memory,old,4,,,,,,,,,,,
img_ah5vo.png,bedrooms,9,2,memory,new,4,,,,,,,,,,,
img_n9xll.png,bedrooms,7,2,memory,old,4,,,,,,,,,,,
img_72fmj.png,bedrooms,3,2,memory,new,4,,,,,,,,,,,
img_sltwe.png,bedrooms,5,2,memory,old,4,,,,,,,,,,,
img_eabk8.png,bedrooms,8,2,memory,new,4,,,,,,,,,,,
img_gsfx4.png,bedrooms,3,2,memory,old,4,,,,,,,,,,,
img_2pk6v.png,bedrooms,9,2,memory,old,4,,,,,,,,,,,
img_ic3os.png,bedrooms,9,2,memory,old,4,,,,,,,,,,,
img_anzgh.png,bedrooms,6,2,memory,old,4,,,,,,,,,,,
